TORCHFORT::WANDB: model: critic_0, step: 1, train_loss: 5.32314e+23
TORCHFORT::WANDB: model: critic_0, step: 1, train_lr: 1e-06
TORCHFORT::WANDB: model: actor, step: 1, train_loss: 0.561788
TORCHFORT::WANDB: model: actor, step: 1, train_lr: 1e-06
TORCHFORT::WANDB: model: rlwm, step: 1, actor_loss: 0.561788
TORCHFORT::WANDB: model: rlwm, step: 1, critic_loss: 5.32314e+23
TORCHFORT::WANDB: model: critic_0, step: 2, train_loss: 0.13331
TORCHFORT::WANDB: model: critic_0, step: 2, train_lr: 1e-06
TORCHFORT::WANDB: model: actor, step: 2, train_loss: 0.0680217
TORCHFORT::WANDB: model: actor, step: 2, train_lr: 1e-06
TORCHFORT::WANDB: model: rlwm, step: 1, actor_loss: 0.0680217
TORCHFORT::WANDB: model: rlwm, step: 1, critic_loss: 0.13331
TORCHFORT::WANDB: model: critic_0, step: 3, train_loss: 0.0927708
TORCHFORT::WANDB: model: critic_0, step: 3, train_lr: 1e-06
TORCHFORT::WANDB: model: actor, step: 3, train_loss: 0.0304107
TORCHFORT::WANDB: model: actor, step: 3, train_lr: 1e-06
TORCHFORT::WANDB: model: rlwm, step: 2, actor_loss: 0.0304107
TORCHFORT::WANDB: model: rlwm, step: 2, critic_loss: 0.0927708
TORCHFORT::WANDB: model: critic_0, step: 4, train_loss: 0.0096346
TORCHFORT::WANDB: model: critic_0, step: 4, train_lr: 9.99999e-07
TORCHFORT::WANDB: model: actor, step: 4, train_loss: 0.0364955
TORCHFORT::WANDB: model: actor, step: 4, train_lr: 9.99999e-07
TORCHFORT::WANDB: model: rlwm, step: 2, actor_loss: 0.0364955
TORCHFORT::WANDB: model: rlwm, step: 2, critic_loss: 0.0096346
TORCHFORT::WANDB: model: critic_0, step: 5, train_loss: 0.135532
TORCHFORT::WANDB: model: critic_0, step: 5, train_lr: 9.99998e-07
TORCHFORT::WANDB: model: actor, step: 5, train_loss: 0.0480366
TORCHFORT::WANDB: model: actor, step: 5, train_lr: 9.99998e-07
TORCHFORT::WANDB: model: rlwm, step: 3, actor_loss: 0.0480366
TORCHFORT::WANDB: model: rlwm, step: 3, critic_loss: 0.135532
TORCHFORT::WANDB: model: critic_0, step: 6, train_loss: 0.00806846
TORCHFORT::WANDB: model: critic_0, step: 6, train_lr: 9.99998e-07
TORCHFORT::WANDB: model: actor, step: 6, train_loss: 0.0691509
TORCHFORT::WANDB: model: actor, step: 6, train_lr: 9.99998e-07
TORCHFORT::WANDB: model: rlwm, step: 3, actor_loss: 0.0691509
TORCHFORT::WANDB: model: rlwm, step: 3, critic_loss: 0.00806846
TORCHFORT::WANDB: model: critic_0, step: 7, train_loss: 0.00134201
TORCHFORT::WANDB: model: critic_0, step: 7, train_lr: 9.99996e-07
TORCHFORT::WANDB: model: actor, step: 7, train_loss: -0.0685372
TORCHFORT::WANDB: model: actor, step: 7, train_lr: 9.99996e-07
TORCHFORT::WANDB: model: rlwm, step: 4, actor_loss: -0.0685372
TORCHFORT::WANDB: model: rlwm, step: 4, critic_loss: 0.00134201
TORCHFORT::WANDB: model: critic_0, step: 8, train_loss: 6.84021e+22
TORCHFORT::WANDB: model: critic_0, step: 8, train_lr: 9.99995e-07
TORCHFORT::WANDB: model: actor, step: 8, train_loss: 0.425904
TORCHFORT::WANDB: model: actor, step: 8, train_lr: 9.99995e-07
TORCHFORT::WANDB: model: rlwm, step: 4, actor_loss: 0.425904
TORCHFORT::WANDB: model: rlwm, step: 4, critic_loss: 6.84021e+22
TORCHFORT::WANDB: model: critic_0, step: 9, train_loss: 1.25661
TORCHFORT::WANDB: model: critic_0, step: 9, train_lr: 9.99994e-07
TORCHFORT::WANDB: model: actor, step: 9, train_loss: -0.562113
TORCHFORT::WANDB: model: actor, step: 9, train_lr: 9.99994e-07
TORCHFORT::WANDB: model: rlwm, step: 5, actor_loss: -0.562113
TORCHFORT::WANDB: model: rlwm, step: 5, critic_loss: 1.25661
TORCHFORT::WANDB: model: critic_0, step: 10, train_loss: 0.00726105
TORCHFORT::WANDB: model: critic_0, step: 10, train_lr: 9.99992e-07
TORCHFORT::WANDB: model: actor, step: 10, train_loss: 0.0367516
TORCHFORT::WANDB: model: actor, step: 10, train_lr: 9.99992e-07
TORCHFORT::WANDB: model: rlwm, step: 5, actor_loss: 0.0367516
TORCHFORT::WANDB: model: rlwm, step: 5, critic_loss: 0.00726105
TORCHFORT::WANDB: model: critic_0, step: 11, train_loss: inf
TORCHFORT::WANDB: model: critic_0, step: 11, train_lr: 9.9999e-07
TORCHFORT::WANDB: model: actor, step: 11, train_loss: 0.0596137
TORCHFORT::WANDB: model: actor, step: 11, train_lr: 9.9999e-07
TORCHFORT::WANDB: model: rlwm, step: 6, actor_loss: 0.0596137
TORCHFORT::WANDB: model: rlwm, step: 6, critic_loss: inf
TORCHFORT::WANDB: model: critic_0, step: 12, train_loss: 1.08299
TORCHFORT::WANDB: model: critic_0, step: 12, train_lr: 9.99988e-07
TORCHFORT::WANDB: model: actor, step: 12, train_loss: 0.426223
TORCHFORT::WANDB: model: actor, step: 12, train_lr: 9.99988e-07
TORCHFORT::WANDB: model: rlwm, step: 6, actor_loss: 0.426223
TORCHFORT::WANDB: model: rlwm, step: 6, critic_loss: 1.08299
TORCHFORT::WANDB: model: critic_0, step: 13, train_loss: 0.0915848
TORCHFORT::WANDB: model: critic_0, step: 13, train_lr: 9.99986e-07
TORCHFORT::WANDB: model: actor, step: 13, train_loss: -0.0687899
TORCHFORT::WANDB: model: actor, step: 13, train_lr: 9.99986e-07
TORCHFORT::WANDB: model: rlwm, step: 7, actor_loss: -0.0687899
TORCHFORT::WANDB: model: rlwm, step: 7, critic_loss: 0.0915848
TORCHFORT::WANDB: model: critic_0, step: 14, train_loss: 0.723632
TORCHFORT::WANDB: model: critic_0, step: 14, train_lr: 9.99983e-07
TORCHFORT::WANDB: model: actor, step: 14, train_loss: 0.562131
TORCHFORT::WANDB: model: actor, step: 14, train_lr: 9.99983e-07
TORCHFORT::WANDB: model: rlwm, step: 7, actor_loss: 0.562131
TORCHFORT::WANDB: model: rlwm, step: 7, critic_loss: 0.723632
TORCHFORT::WANDB: model: critic_0, step: 15, train_loss: 4.91318
TORCHFORT::WANDB: model: critic_0, step: 15, train_lr: 9.99981e-07
TORCHFORT::WANDB: model: actor, step: 15, train_loss: -0.426211
TORCHFORT::WANDB: model: actor, step: 15, train_lr: 9.99981e-07
TORCHFORT::WANDB: model: rlwm, step: 8, actor_loss: -0.426211
TORCHFORT::WANDB: model: rlwm, step: 8, critic_loss: 4.91318
TORCHFORT::WANDB: model: critic_0, step: 16, train_loss: 2.18826
TORCHFORT::WANDB: model: critic_0, step: 16, train_lr: 9.99978e-07
TORCHFORT::WANDB: model: actor, step: 16, train_loss: -0.215714
TORCHFORT::WANDB: model: actor, step: 16, train_lr: 9.99978e-07
TORCHFORT::WANDB: model: rlwm, step: 8, actor_loss: -0.215714
TORCHFORT::WANDB: model: rlwm, step: 8, critic_loss: 2.18826
TORCHFORT::WANDB: model: critic_0, step: 17, train_loss: 1.25622
TORCHFORT::WANDB: model: critic_0, step: 17, train_lr: 9.99975e-07
TORCHFORT::WANDB: model: actor, step: 17, train_loss: -0.562124
TORCHFORT::WANDB: model: actor, step: 17, train_lr: 9.99975e-07
TORCHFORT::WANDB: model: rlwm, step: 9, actor_loss: -0.562124
TORCHFORT::WANDB: model: rlwm, step: 9, critic_loss: 1.25622
TORCHFORT::WANDB: model: critic_0, step: 18, train_loss: 1.4394e+08
TORCHFORT::WANDB: model: critic_0, step: 18, train_lr: 9.99971e-07
TORCHFORT::WANDB: model: actor, step: 18, train_loss: 0.562131
TORCHFORT::WANDB: model: actor, step: 18, train_lr: 9.99971e-07
TORCHFORT::WANDB: model: rlwm, step: 9, actor_loss: 0.562131
TORCHFORT::WANDB: model: rlwm, step: 9, critic_loss: 1.4394e+08
TORCHFORT::WANDB: model: critic_0, step: 19, train_loss: 1.69915
TORCHFORT::WANDB: model: critic_0, step: 19, train_lr: 9.99968e-07
TORCHFORT::WANDB: model: actor, step: 19, train_loss: 0.368882
TORCHFORT::WANDB: model: actor, step: 19, train_lr: 9.99968e-07
TORCHFORT::WANDB: model: rlwm, step: 10, actor_loss: 0.368882
TORCHFORT::WANDB: model: rlwm, step: 10, critic_loss: 1.69915
TORCHFORT::WANDB: model: critic_0, step: 20, train_loss: 2.00032
TORCHFORT::WANDB: model: critic_0, step: 20, train_lr: 9.99964e-07
TORCHFORT::WANDB: model: actor, step: 20, train_loss: -0.27343
TORCHFORT::WANDB: model: actor, step: 20, train_lr: 9.99964e-07
TORCHFORT::WANDB: model: rlwm, step: 10, actor_loss: -0.27343
TORCHFORT::WANDB: model: rlwm, step: 10, critic_loss: 2.00032
TORCHFORT::WANDB: model: critic_0, step: 21, train_loss: inf
TORCHFORT::WANDB: model: critic_0, step: 21, train_lr: 9.99961e-07
TORCHFORT::WANDB: model: actor, step: 21, train_loss: 0.138064
TORCHFORT::WANDB: model: actor, step: 21, train_lr: 9.99961e-07
TORCHFORT::WANDB: model: rlwm, step: 11, actor_loss: 0.138064
TORCHFORT::WANDB: model: rlwm, step: 11, critic_loss: inf
TORCHFORT::WANDB: model: critic_0, step: 22, train_loss: 0.721007
TORCHFORT::WANDB: model: critic_0, step: 22, train_lr: 9.99956e-07
TORCHFORT::WANDB: model: actor, step: 22, train_loss: 0.290187
TORCHFORT::WANDB: model: actor, step: 22, train_lr: 9.99956e-07
TORCHFORT::WANDB: model: rlwm, step: 11, actor_loss: 0.290187
TORCHFORT::WANDB: model: rlwm, step: 11, critic_loss: 0.721007
TORCHFORT::WANDB: model: critic_0, step: 23, train_loss: inf
TORCHFORT::WANDB: model: critic_0, step: 23, train_lr: 9.99952e-07
TORCHFORT::WANDB: model: actor, step: 23, train_loss: nan
TORCHFORT::WANDB: model: actor, step: 23, train_lr: 9.99952e-07
TORCHFORT::WANDB: model: rlwm, step: 12, actor_loss: nan
TORCHFORT::WANDB: model: rlwm, step: 12, critic_loss: inf
TORCHFORT::WANDB: model: critic_0, step: 24, train_loss: -nan
TORCHFORT::WANDB: model: critic_0, step: 24, train_lr: 9.99948e-07
TORCHFORT::WANDB: model: actor, step: 24, train_loss: -nan
TORCHFORT::WANDB: model: actor, step: 24, train_lr: 9.99948e-07
TORCHFORT::WANDB: model: rlwm, step: 12, actor_loss: -nan
TORCHFORT::WANDB: model: rlwm, step: 12, critic_loss: -nan
TORCHFORT::WANDB: model: critic_0, step: 25, train_loss: -nan
TORCHFORT::WANDB: model: critic_0, step: 25, train_lr: 9.99943e-07
TORCHFORT::WANDB: model: actor, step: 25, train_loss: nan
TORCHFORT::WANDB: model: actor, step: 25, train_lr: 9.99943e-07
TORCHFORT::WANDB: model: rlwm, step: 13, actor_loss: nan
TORCHFORT::WANDB: model: rlwm, step: 13, critic_loss: -nan
TORCHFORT::WANDB: model: critic_0, step: 26, train_loss: -nan
TORCHFORT::WANDB: model: critic_0, step: 26, train_lr: 9.99938e-07
TORCHFORT::WANDB: model: actor, step: 26, train_loss: nan
TORCHFORT::WANDB: model: actor, step: 26, train_lr: 9.99938e-07
TORCHFORT::WANDB: model: rlwm, step: 13, actor_loss: nan
TORCHFORT::WANDB: model: rlwm, step: 13, critic_loss: -nan
TORCHFORT::WANDB: model: critic_0, step: 27, train_loss: -nan
TORCHFORT::WANDB: model: critic_0, step: 27, train_lr: 9.99933e-07
TORCHFORT::WANDB: model: actor, step: 27, train_loss: nan
TORCHFORT::WANDB: model: actor, step: 27, train_lr: 9.99933e-07
TORCHFORT::WANDB: model: rlwm, step: 14, actor_loss: nan
TORCHFORT::WANDB: model: rlwm, step: 14, critic_loss: -nan
TORCHFORT::WANDB: model: critic_0, step: 28, train_loss: -nan
TORCHFORT::WANDB: model: critic_0, step: 28, train_lr: 9.99928e-07
TORCHFORT::WANDB: model: actor, step: 28, train_loss: nan
TORCHFORT::WANDB: model: actor, step: 28, train_lr: 9.99928e-07
TORCHFORT::WANDB: model: rlwm, step: 14, actor_loss: nan
TORCHFORT::WANDB: model: rlwm, step: 14, critic_loss: -nan
TORCHFORT::WANDB: model: critic_0, step: 29, train_loss: -nan
TORCHFORT::WANDB: model: critic_0, step: 29, train_lr: 9.99923e-07
TORCHFORT::WANDB: model: actor, step: 29, train_loss: nan
TORCHFORT::WANDB: model: actor, step: 29, train_lr: 9.99923e-07
TORCHFORT::WANDB: model: rlwm, step: 15, actor_loss: nan
TORCHFORT::WANDB: model: rlwm, step: 15, critic_loss: -nan
TORCHFORT::WANDB: model: critic_0, step: 30, train_loss: -nan
TORCHFORT::WANDB: model: critic_0, step: 30, train_lr: 9.99917e-07
TORCHFORT::WANDB: model: actor, step: 30, train_loss: nan
TORCHFORT::WANDB: model: actor, step: 30, train_lr: 9.99917e-07
TORCHFORT::WANDB: model: rlwm, step: 15, actor_loss: nan
TORCHFORT::WANDB: model: rlwm, step: 15, critic_loss: -nan
TORCHFORT::WANDB: model: critic_0, step: 31, train_loss: -nan
TORCHFORT::WANDB: model: critic_0, step: 31, train_lr: 9.99911e-07
TORCHFORT::WANDB: model: actor, step: 31, train_loss: nan
TORCHFORT::WANDB: model: actor, step: 31, train_lr: 9.99911e-07
TORCHFORT::WANDB: model: rlwm, step: 16, actor_loss: nan
TORCHFORT::WANDB: model: rlwm, step: 16, critic_loss: -nan
TORCHFORT::WANDB: model: critic_0, step: 32, train_loss: -nan
TORCHFORT::WANDB: model: critic_0, step: 32, train_lr: 9.99905e-07
TORCHFORT::WANDB: model: actor, step: 32, train_loss: nan
TORCHFORT::WANDB: model: actor, step: 32, train_lr: 9.99905e-07
TORCHFORT::WANDB: model: rlwm, step: 16, actor_loss: nan
TORCHFORT::WANDB: model: rlwm, step: 16, critic_loss: -nan
TORCHFORT::WANDB: model: critic_0, step: 33, train_loss: -nan
TORCHFORT::WANDB: model: critic_0, step: 33, train_lr: 9.99899e-07
TORCHFORT::WANDB: model: actor, step: 33, train_loss: nan
TORCHFORT::WANDB: model: actor, step: 33, train_lr: 9.99899e-07
TORCHFORT::WANDB: model: rlwm, step: 17, actor_loss: nan
TORCHFORT::WANDB: model: rlwm, step: 17, critic_loss: -nan
TORCHFORT::WANDB: model: critic_0, step: 34, train_loss: -nan
TORCHFORT::WANDB: model: critic_0, step: 34, train_lr: 9.99893e-07
TORCHFORT::WANDB: model: actor, step: 34, train_loss: nan
TORCHFORT::WANDB: model: actor, step: 34, train_lr: 9.99893e-07
TORCHFORT::WANDB: model: rlwm, step: 17, actor_loss: nan
TORCHFORT::WANDB: model: rlwm, step: 17, critic_loss: -nan
TORCHFORT::WANDB: model: critic_0, step: 35, train_loss: -nan
TORCHFORT::WANDB: model: critic_0, step: 35, train_lr: 9.99886e-07
TORCHFORT::WANDB: model: actor, step: 35, train_loss: nan
TORCHFORT::WANDB: model: actor, step: 35, train_lr: 9.99886e-07
TORCHFORT::WANDB: model: rlwm, step: 18, actor_loss: nan
TORCHFORT::WANDB: model: rlwm, step: 18, critic_loss: -nan
TORCHFORT::WANDB: model: critic_0, step: 36, train_loss: -nan
TORCHFORT::WANDB: model: critic_0, step: 36, train_lr: 9.99879e-07
TORCHFORT::WANDB: model: actor, step: 36, train_loss: nan
TORCHFORT::WANDB: model: actor, step: 36, train_lr: 9.99879e-07
TORCHFORT::WANDB: model: rlwm, step: 18, actor_loss: nan
TORCHFORT::WANDB: model: rlwm, step: 18, critic_loss: -nan
TORCHFORT::WANDB: model: critic_0, step: 37, train_loss: -nan
TORCHFORT::WANDB: model: critic_0, step: 37, train_lr: 9.99872e-07
TORCHFORT::WANDB: model: actor, step: 37, train_loss: nan
TORCHFORT::WANDB: model: actor, step: 37, train_lr: 9.99872e-07
TORCHFORT::WANDB: model: rlwm, step: 19, actor_loss: nan
TORCHFORT::WANDB: model: rlwm, step: 19, critic_loss: -nan
TORCHFORT::WANDB: model: critic_0, step: 38, train_loss: -nan
TORCHFORT::WANDB: model: critic_0, step: 38, train_lr: 9.99865e-07
TORCHFORT::WANDB: model: actor, step: 38, train_loss: nan
TORCHFORT::WANDB: model: actor, step: 38, train_lr: 9.99865e-07
TORCHFORT::WANDB: model: rlwm, step: 19, actor_loss: nan
TORCHFORT::WANDB: model: rlwm, step: 19, critic_loss: -nan
TORCHFORT::WANDB: model: critic_0, step: 39, train_loss: -nan
TORCHFORT::WANDB: model: critic_0, step: 39, train_lr: 9.99857e-07
TORCHFORT::WANDB: model: actor, step: 39, train_loss: nan
TORCHFORT::WANDB: model: actor, step: 39, train_lr: 9.99857e-07
TORCHFORT::WANDB: model: rlwm, step: 20, actor_loss: nan
TORCHFORT::WANDB: model: rlwm, step: 20, critic_loss: -nan
TORCHFORT::WANDB: model: critic_0, step: 40, train_loss: -nan
TORCHFORT::WANDB: model: critic_0, step: 40, train_lr: 9.9985e-07
TORCHFORT::WANDB: model: actor, step: 40, train_loss: nan
TORCHFORT::WANDB: model: actor, step: 40, train_lr: 9.9985e-07
TORCHFORT::WANDB: model: rlwm, step: 20, actor_loss: nan
TORCHFORT::WANDB: model: rlwm, step: 20, critic_loss: -nan
TORCHFORT::WANDB: model: critic_0, step: 41, train_loss: -nan
TORCHFORT::WANDB: model: critic_0, step: 41, train_lr: 9.99842e-07
TORCHFORT::WANDB: model: actor, step: 41, train_loss: nan
TORCHFORT::WANDB: model: actor, step: 41, train_lr: 9.99842e-07
TORCHFORT::WANDB: model: rlwm, step: 21, actor_loss: nan
TORCHFORT::WANDB: model: rlwm, step: 21, critic_loss: -nan
TORCHFORT::WANDB: model: critic_0, step: 42, train_loss: -nan
TORCHFORT::WANDB: model: critic_0, step: 42, train_lr: 9.99834e-07
TORCHFORT::WANDB: model: actor, step: 42, train_loss: nan
TORCHFORT::WANDB: model: actor, step: 42, train_lr: 9.99834e-07
TORCHFORT::WANDB: model: rlwm, step: 21, actor_loss: nan
TORCHFORT::WANDB: model: rlwm, step: 21, critic_loss: -nan
TORCHFORT::WANDB: model: critic_0, step: 43, train_loss: -nan
TORCHFORT::WANDB: model: critic_0, step: 43, train_lr: 9.99826e-07
TORCHFORT::WANDB: model: actor, step: 43, train_loss: nan
TORCHFORT::WANDB: model: actor, step: 43, train_lr: 9.99826e-07
TORCHFORT::WANDB: model: rlwm, step: 22, actor_loss: nan
TORCHFORT::WANDB: model: rlwm, step: 22, critic_loss: -nan
TORCHFORT::WANDB: model: critic_0, step: 44, train_loss: -nan
TORCHFORT::WANDB: model: critic_0, step: 44, train_lr: 9.99818e-07
TORCHFORT::WANDB: model: actor, step: 44, train_loss: nan
TORCHFORT::WANDB: model: actor, step: 44, train_lr: 9.99818e-07
TORCHFORT::WANDB: model: rlwm, step: 22, actor_loss: nan
TORCHFORT::WANDB: model: rlwm, step: 22, critic_loss: -nan
TORCHFORT::WANDB: model: critic_0, step: 45, train_loss: -nan
TORCHFORT::WANDB: model: critic_0, step: 45, train_lr: 9.99809e-07
TORCHFORT::WANDB: model: actor, step: 45, train_loss: nan
TORCHFORT::WANDB: model: actor, step: 45, train_lr: 9.99809e-07
TORCHFORT::WANDB: model: rlwm, step: 23, actor_loss: nan
TORCHFORT::WANDB: model: rlwm, step: 23, critic_loss: -nan
TORCHFORT::WANDB: model: critic_0, step: 46, train_loss: -nan
TORCHFORT::WANDB: model: critic_0, step: 46, train_lr: 9.998e-07
TORCHFORT::WANDB: model: actor, step: 46, train_loss: nan
TORCHFORT::WANDB: model: actor, step: 46, train_lr: 9.998e-07
TORCHFORT::WANDB: model: rlwm, step: 23, actor_loss: nan
TORCHFORT::WANDB: model: rlwm, step: 23, critic_loss: -nan
TORCHFORT::WANDB: model: critic_0, step: 47, train_loss: -nan
TORCHFORT::WANDB: model: critic_0, step: 47, train_lr: 9.99791e-07
TORCHFORT::WANDB: model: actor, step: 47, train_loss: nan
TORCHFORT::WANDB: model: actor, step: 47, train_lr: 9.99791e-07
TORCHFORT::WANDB: model: rlwm, step: 24, actor_loss: nan
TORCHFORT::WANDB: model: rlwm, step: 24, critic_loss: -nan
TORCHFORT::WANDB: model: critic_0, step: 48, train_loss: -nan
TORCHFORT::WANDB: model: critic_0, step: 48, train_lr: 9.99782e-07
TORCHFORT::WANDB: model: actor, step: 48, train_loss: nan
TORCHFORT::WANDB: model: actor, step: 48, train_lr: 9.99782e-07
TORCHFORT::WANDB: model: rlwm, step: 24, actor_loss: nan
TORCHFORT::WANDB: model: rlwm, step: 24, critic_loss: -nan
TORCHFORT::WANDB: model: critic_0, step: 49, train_loss: -nan
TORCHFORT::WANDB: model: critic_0, step: 49, train_lr: 9.99773e-07
TORCHFORT::WANDB: model: actor, step: 49, train_loss: nan
TORCHFORT::WANDB: model: actor, step: 49, train_lr: 9.99773e-07
TORCHFORT::WANDB: model: rlwm, step: 25, actor_loss: nan
TORCHFORT::WANDB: model: rlwm, step: 25, critic_loss: -nan
TORCHFORT::WANDB: model: critic_0, step: 50, train_loss: -nan
TORCHFORT::WANDB: model: critic_0, step: 50, train_lr: 9.99763e-07
TORCHFORT::WANDB: model: actor, step: 50, train_loss: nan
TORCHFORT::WANDB: model: actor, step: 50, train_lr: 9.99763e-07
TORCHFORT::WANDB: model: rlwm, step: 25, actor_loss: nan
TORCHFORT::WANDB: model: rlwm, step: 25, critic_loss: -nan
TORCHFORT::WANDB: model: critic_0, step: 51, train_loss: -nan
TORCHFORT::WANDB: model: critic_0, step: 51, train_lr: 9.99753e-07
TORCHFORT::WANDB: model: actor, step: 51, train_loss: nan
TORCHFORT::WANDB: model: actor, step: 51, train_lr: 9.99753e-07
TORCHFORT::WANDB: model: rlwm, step: 26, actor_loss: nan
TORCHFORT::WANDB: model: rlwm, step: 26, critic_loss: -nan
TORCHFORT::WANDB: model: critic_0, step: 52, train_loss: -nan
TORCHFORT::WANDB: model: critic_0, step: 52, train_lr: 9.99743e-07
TORCHFORT::WANDB: model: actor, step: 52, train_loss: nan
TORCHFORT::WANDB: model: actor, step: 52, train_lr: 9.99743e-07
TORCHFORT::WANDB: model: rlwm, step: 26, actor_loss: nan
TORCHFORT::WANDB: model: rlwm, step: 26, critic_loss: -nan
TORCHFORT::WANDB: model: critic_0, step: 1, train_loss: 0.000345262
TORCHFORT::WANDB: model: critic_0, step: 1, train_lr: 1e-06
TORCHFORT::WANDB: model: actor, step: 1, train_loss: 0.0104664
TORCHFORT::WANDB: model: actor, step: 1, train_lr: 1e-06
TORCHFORT::WANDB: model: rlwm, step: 1, actor_loss: 0.0104664
TORCHFORT::WANDB: model: rlwm, step: 1, critic_loss: 0.000345262
TORCHFORT::WANDB: model: critic_0, step: 2, train_loss: 8.82417e-05
TORCHFORT::WANDB: model: critic_0, step: 2, train_lr: 1e-06
TORCHFORT::WANDB: model: actor, step: 2, train_loss: 0.034521
TORCHFORT::WANDB: model: actor, step: 2, train_lr: 1e-06
TORCHFORT::WANDB: model: rlwm, step: 1, actor_loss: 0.034521
TORCHFORT::WANDB: model: rlwm, step: 1, critic_loss: 8.82417e-05
TORCHFORT::WANDB: model: critic_0, step: 3, train_loss: 0.0294757
TORCHFORT::WANDB: model: critic_0, step: 3, train_lr: 1e-06
TORCHFORT::WANDB: model: actor, step: 3, train_loss: 0.0365133
TORCHFORT::WANDB: model: actor, step: 3, train_lr: 1e-06
TORCHFORT::WANDB: model: rlwm, step: 2, actor_loss: 0.0365133
TORCHFORT::WANDB: model: rlwm, step: 2, critic_loss: 0.0294757
TORCHFORT::WANDB: model: critic_0, step: 4, train_loss: 0.00488812
TORCHFORT::WANDB: model: critic_0, step: 4, train_lr: 9.99999e-07
TORCHFORT::WANDB: model: actor, step: 4, train_loss: -0.0167469
TORCHFORT::WANDB: model: actor, step: 4, train_lr: 9.99999e-07
TORCHFORT::WANDB: model: rlwm, step: 2, actor_loss: -0.0167469
TORCHFORT::WANDB: model: rlwm, step: 2, critic_loss: 0.00488812
TORCHFORT::WANDB: model: critic_0, step: 5, train_loss: 0.00464258
TORCHFORT::WANDB: model: critic_0, step: 5, train_lr: 9.99998e-07
TORCHFORT::WANDB: model: actor, step: 5, train_loss: -0.029351
TORCHFORT::WANDB: model: actor, step: 5, train_lr: 9.99998e-07
TORCHFORT::WANDB: model: rlwm, step: 3, actor_loss: -0.029351
TORCHFORT::WANDB: model: rlwm, step: 3, critic_loss: 0.00464258
TORCHFORT::WANDB: model: critic_0, step: 6, train_loss: 0.00157238
TORCHFORT::WANDB: model: critic_0, step: 6, train_lr: 9.99998e-07
TORCHFORT::WANDB: model: actor, step: 6, train_loss: 0.0204194
TORCHFORT::WANDB: model: actor, step: 6, train_lr: 9.99998e-07
TORCHFORT::WANDB: model: rlwm, step: 3, actor_loss: 0.0204194
TORCHFORT::WANDB: model: rlwm, step: 3, critic_loss: 0.00157238
TORCHFORT::WANDB: model: critic_0, step: 7, train_loss: 0.00235784
TORCHFORT::WANDB: model: critic_0, step: 7, train_lr: 9.99996e-07
TORCHFORT::WANDB: model: actor, step: 7, train_loss: -0.0362004
TORCHFORT::WANDB: model: actor, step: 7, train_lr: 9.99996e-07
TORCHFORT::WANDB: model: rlwm, step: 4, actor_loss: -0.0362004
TORCHFORT::WANDB: model: rlwm, step: 4, critic_loss: 0.00235784
TORCHFORT::WANDB: model: critic_0, step: 8, train_loss: 0.00411534
TORCHFORT::WANDB: model: critic_0, step: 8, train_lr: 9.99995e-07
TORCHFORT::WANDB: model: actor, step: 8, train_loss: 0.0396975
TORCHFORT::WANDB: model: actor, step: 8, train_lr: 9.99995e-07
TORCHFORT::WANDB: model: rlwm, step: 4, actor_loss: 0.0396975
TORCHFORT::WANDB: model: rlwm, step: 4, critic_loss: 0.00411534
TORCHFORT::WANDB: model: critic_0, step: 9, train_loss: 0.00202495
TORCHFORT::WANDB: model: critic_0, step: 9, train_lr: 9.99994e-07
TORCHFORT::WANDB: model: actor, step: 9, train_loss: -0.0223443
TORCHFORT::WANDB: model: actor, step: 9, train_lr: 9.99994e-07
TORCHFORT::WANDB: model: rlwm, step: 5, actor_loss: -0.0223443
TORCHFORT::WANDB: model: rlwm, step: 5, critic_loss: 0.00202495
TORCHFORT::WANDB: model: critic_0, step: 10, train_loss: 0.0137249
TORCHFORT::WANDB: model: critic_0, step: 10, train_lr: 9.99992e-07
TORCHFORT::WANDB: model: actor, step: 10, train_loss: -0.0372156
TORCHFORT::WANDB: model: actor, step: 10, train_lr: 9.99992e-07
TORCHFORT::WANDB: model: rlwm, step: 5, actor_loss: -0.0372156
TORCHFORT::WANDB: model: rlwm, step: 5, critic_loss: 0.0137249
TORCHFORT::WANDB: model: critic_0, step: 11, train_loss: inf
TORCHFORT::WANDB: model: critic_0, step: 11, train_lr: 9.9999e-07
TORCHFORT::WANDB: model: actor, step: 11, train_loss: 0.00872589
TORCHFORT::WANDB: model: actor, step: 11, train_lr: 9.9999e-07
TORCHFORT::WANDB: model: rlwm, step: 6, actor_loss: 0.00872589
TORCHFORT::WANDB: model: rlwm, step: 6, critic_loss: inf
TORCHFORT::WANDB: model: critic_0, step: 12, train_loss: 1.08195
TORCHFORT::WANDB: model: critic_0, step: 12, train_lr: 9.99988e-07
TORCHFORT::WANDB: model: actor, step: 12, train_loss: 0.355032
TORCHFORT::WANDB: model: actor, step: 12, train_lr: 9.99988e-07
TORCHFORT::WANDB: model: rlwm, step: 6, actor_loss: 0.355032
TORCHFORT::WANDB: model: rlwm, step: 6, critic_loss: 1.08195
TORCHFORT::WANDB: model: critic_0, step: 13, train_loss: 0.0569608
TORCHFORT::WANDB: model: critic_0, step: 13, train_lr: 9.99986e-07
TORCHFORT::WANDB: model: actor, step: 13, train_loss: -0.00831759
TORCHFORT::WANDB: model: actor, step: 13, train_lr: 9.99986e-07
TORCHFORT::WANDB: model: rlwm, step: 7, actor_loss: -0.00831759
TORCHFORT::WANDB: model: rlwm, step: 7, critic_loss: 0.0569608
TORCHFORT::WANDB: model: critic_0, step: 14, train_loss: 0.261259
TORCHFORT::WANDB: model: critic_0, step: 14, train_lr: 9.99983e-07
TORCHFORT::WANDB: model: actor, step: 14, train_loss: 0.0221548
TORCHFORT::WANDB: model: actor, step: 14, train_lr: 9.99983e-07
TORCHFORT::WANDB: model: rlwm, step: 7, actor_loss: 0.0221548
TORCHFORT::WANDB: model: rlwm, step: 7, critic_loss: 0.261259
TORCHFORT::WANDB: model: critic_0, step: 15, train_loss: 4.57397
TORCHFORT::WANDB: model: critic_0, step: 15, train_lr: 9.99981e-07
TORCHFORT::WANDB: model: actor, step: 15, train_loss: -0.355032
TORCHFORT::WANDB: model: actor, step: 15, train_lr: 9.99981e-07
TORCHFORT::WANDB: model: rlwm, step: 8, actor_loss: -0.355032
TORCHFORT::WANDB: model: rlwm, step: 8, critic_loss: 4.57397
TORCHFORT::WANDB: model: critic_0, step: 16, train_loss: 2.09291
TORCHFORT::WANDB: model: critic_0, step: 16, train_lr: 9.99978e-07
TORCHFORT::WANDB: model: actor, step: 16, train_loss: 0.241761
TORCHFORT::WANDB: model: actor, step: 16, train_lr: 9.99978e-07
TORCHFORT::WANDB: model: rlwm, step: 8, actor_loss: 0.241761
TORCHFORT::WANDB: model: rlwm, step: 8, critic_loss: 2.09291
TORCHFORT::WANDB: model: critic_0, step: 17, train_loss: 0.00196573
TORCHFORT::WANDB: model: critic_0, step: 17, train_lr: 9.99975e-07
TORCHFORT::WANDB: model: actor, step: 17, train_loss: -0.0221554
TORCHFORT::WANDB: model: actor, step: 17, train_lr: 9.99975e-07
TORCHFORT::WANDB: model: rlwm, step: 9, actor_loss: -0.0221554
TORCHFORT::WANDB: model: rlwm, step: 9, critic_loss: 0.00196573
TORCHFORT::WANDB: model: critic_0, step: 18, train_loss: 1.43922e+08
TORCHFORT::WANDB: model: critic_0, step: 18, train_lr: 9.99971e-07
TORCHFORT::WANDB: model: actor, step: 18, train_loss: 0.0221548
TORCHFORT::WANDB: model: actor, step: 18, train_lr: 9.99971e-07
TORCHFORT::WANDB: model: rlwm, step: 9, actor_loss: 0.0221548
TORCHFORT::WANDB: model: rlwm, step: 9, critic_loss: 1.43922e+08
TORCHFORT::WANDB: model: critic_0, step: 19, train_loss: 1.74387
TORCHFORT::WANDB: model: critic_0, step: 19, train_lr: 9.99968e-07
TORCHFORT::WANDB: model: actor, step: 19, train_loss: 0.371734
TORCHFORT::WANDB: model: actor, step: 19, train_lr: 9.99968e-07
TORCHFORT::WANDB: model: rlwm, step: 10, actor_loss: 0.371734
TORCHFORT::WANDB: model: rlwm, step: 10, critic_loss: 1.74387
TORCHFORT::WANDB: model: critic_0, step: 20, train_loss: 2.12617
TORCHFORT::WANDB: model: critic_0, step: 20, train_lr: 9.99964e-07
TORCHFORT::WANDB: model: actor, step: 20, train_loss: 0.108169
TORCHFORT::WANDB: model: actor, step: 20, train_lr: 9.99964e-07
TORCHFORT::WANDB: model: rlwm, step: 10, actor_loss: 0.108169
TORCHFORT::WANDB: model: rlwm, step: 10, critic_loss: 2.12617
TORCHFORT::WANDB: model: critic_0, step: 21, train_loss: inf
TORCHFORT::WANDB: model: critic_0, step: 21, train_lr: 9.99961e-07
TORCHFORT::WANDB: model: actor, step: 21, train_loss: -0.0484654
TORCHFORT::WANDB: model: actor, step: 21, train_lr: 9.99961e-07
TORCHFORT::WANDB: model: rlwm, step: 11, actor_loss: -0.0484654
TORCHFORT::WANDB: model: rlwm, step: 11, critic_loss: inf
TORCHFORT::WANDB: model: critic_0, step: 22, train_loss: 0.264031
TORCHFORT::WANDB: model: critic_0, step: 22, train_lr: 9.99956e-07
TORCHFORT::WANDB: model: actor, step: 22, train_loss: 0.491443
TORCHFORT::WANDB: model: actor, step: 22, train_lr: 9.99956e-07
TORCHFORT::WANDB: model: rlwm, step: 11, actor_loss: 0.491443
TORCHFORT::WANDB: model: rlwm, step: 11, critic_loss: 0.264031
TORCHFORT::WANDB: model: critic_0, step: 23, train_loss: inf
TORCHFORT::WANDB: model: critic_0, step: 23, train_lr: 9.99952e-07
TORCHFORT::WANDB: model: actor, step: 23, train_loss: nan
TORCHFORT::WANDB: model: actor, step: 23, train_lr: 9.99952e-07
TORCHFORT::WANDB: model: rlwm, step: 12, actor_loss: nan
TORCHFORT::WANDB: model: rlwm, step: 12, critic_loss: inf
TORCHFORT::WANDB: model: critic_0, step: 24, train_loss: -nan
TORCHFORT::WANDB: model: critic_0, step: 24, train_lr: 9.99948e-07
TORCHFORT::WANDB: model: actor, step: 24, train_loss: -nan
TORCHFORT::WANDB: model: actor, step: 24, train_lr: 9.99948e-07
TORCHFORT::WANDB: model: rlwm, step: 12, actor_loss: -nan
TORCHFORT::WANDB: model: rlwm, step: 12, critic_loss: -nan
TORCHFORT::WANDB: model: critic_0, step: 25, train_loss: -nan
TORCHFORT::WANDB: model: critic_0, step: 25, train_lr: 9.99943e-07
TORCHFORT::WANDB: model: actor, step: 25, train_loss: nan
TORCHFORT::WANDB: model: actor, step: 25, train_lr: 9.99943e-07
TORCHFORT::WANDB: model: rlwm, step: 13, actor_loss: nan
TORCHFORT::WANDB: model: rlwm, step: 13, critic_loss: -nan
TORCHFORT::WANDB: model: critic_0, step: 26, train_loss: -nan
TORCHFORT::WANDB: model: critic_0, step: 26, train_lr: 9.99938e-07
TORCHFORT::WANDB: model: actor, step: 26, train_loss: nan
TORCHFORT::WANDB: model: actor, step: 26, train_lr: 9.99938e-07
TORCHFORT::WANDB: model: rlwm, step: 13, actor_loss: nan
TORCHFORT::WANDB: model: rlwm, step: 13, critic_loss: -nan
TORCHFORT::WANDB: model: critic_0, step: 1, train_loss: 0.208749
TORCHFORT::WANDB: model: critic_0, step: 1, train_lr: 1e-06
TORCHFORT::WANDB: model: actor, step: 1, train_loss: -0.109105
TORCHFORT::WANDB: model: actor, step: 1, train_lr: 1e-06
TORCHFORT::WANDB: model: rlwm, step: 1, actor_loss: -0.109105
TORCHFORT::WANDB: model: rlwm, step: 1, critic_loss: 0.208749
TORCHFORT::WANDB: model: critic_0, step: 2, train_loss: 0.0622046
TORCHFORT::WANDB: model: critic_0, step: 2, train_lr: 1e-06
TORCHFORT::WANDB: model: actor, step: 2, train_loss: -0.0622403
TORCHFORT::WANDB: model: actor, step: 2, train_lr: 1e-06
TORCHFORT::WANDB: model: rlwm, step: 1, actor_loss: -0.0622403
TORCHFORT::WANDB: model: rlwm, step: 1, critic_loss: 0.0622046
TORCHFORT::WANDB: model: critic_0, step: 3, train_loss: 0.0859542
TORCHFORT::WANDB: model: critic_0, step: 3, train_lr: 1e-06
TORCHFORT::WANDB: model: actor, step: 3, train_loss: -0.185788
TORCHFORT::WANDB: model: actor, step: 3, train_lr: 1e-06
TORCHFORT::WANDB: model: rlwm, step: 2, actor_loss: -0.185788
TORCHFORT::WANDB: model: rlwm, step: 2, critic_loss: 0.0859542
TORCHFORT::WANDB: model: critic_0, step: 4, train_loss: 0.0536316
TORCHFORT::WANDB: model: critic_0, step: 4, train_lr: 9.99999e-07
TORCHFORT::WANDB: model: actor, step: 4, train_loss: -0.186898
TORCHFORT::WANDB: model: actor, step: 4, train_lr: 9.99999e-07
TORCHFORT::WANDB: model: rlwm, step: 2, actor_loss: -0.186898
TORCHFORT::WANDB: model: rlwm, step: 2, critic_loss: 0.0536316
TORCHFORT::WANDB: model: critic_0, step: 5, train_loss: 0.0504487
TORCHFORT::WANDB: model: critic_0, step: 5, train_lr: 9.99998e-07
TORCHFORT::WANDB: model: actor, step: 5, train_loss: -0.0883704
TORCHFORT::WANDB: model: actor, step: 5, train_lr: 9.99998e-07
TORCHFORT::WANDB: model: rlwm, step: 3, actor_loss: -0.0883704
TORCHFORT::WANDB: model: rlwm, step: 3, critic_loss: 0.0504487
TORCHFORT::WANDB: model: critic_0, step: 6, train_loss: 0.0682155
TORCHFORT::WANDB: model: critic_0, step: 6, train_lr: 9.99998e-07
TORCHFORT::WANDB: model: actor, step: 6, train_loss: -0.13871
TORCHFORT::WANDB: model: actor, step: 6, train_lr: 9.99998e-07
TORCHFORT::WANDB: model: rlwm, step: 3, actor_loss: -0.13871
TORCHFORT::WANDB: model: rlwm, step: 3, critic_loss: 0.0682155
TORCHFORT::WANDB: model: critic_0, step: 1, train_loss: 0.0477312
TORCHFORT::WANDB: model: critic_0, step: 1, train_lr: 1e-06
TORCHFORT::WANDB: model: actor, step: 1, train_loss: 0.191808
TORCHFORT::WANDB: model: actor, step: 1, train_lr: 1e-06
TORCHFORT::WANDB: model: rlwm, step: 1, actor_loss: 0.191808
TORCHFORT::WANDB: model: rlwm, step: 1, critic_loss: 0.0477312
TORCHFORT::WANDB: model: critic_0, step: 2, train_loss: 0.321082
TORCHFORT::WANDB: model: critic_0, step: 2, train_lr: 1e-06
TORCHFORT::WANDB: model: actor, step: 2, train_loss: -0.0224762
TORCHFORT::WANDB: model: actor, step: 2, train_lr: 1e-06
TORCHFORT::WANDB: model: rlwm, step: 1, actor_loss: -0.0224762
TORCHFORT::WANDB: model: rlwm, step: 1, critic_loss: 0.321082
TORCHFORT::WANDB: model: critic_0, step: 3, train_loss: 0.0895348
TORCHFORT::WANDB: model: critic_0, step: 3, train_lr: 1e-06
TORCHFORT::WANDB: model: actor, step: 3, train_loss: -0.118961
TORCHFORT::WANDB: model: actor, step: 3, train_lr: 1e-06
TORCHFORT::WANDB: model: rlwm, step: 2, actor_loss: -0.118961
TORCHFORT::WANDB: model: rlwm, step: 2, critic_loss: 0.0895348
TORCHFORT::WANDB: model: critic_0, step: 4, train_loss: 0.00810039
TORCHFORT::WANDB: model: critic_0, step: 4, train_lr: 9.99999e-07
TORCHFORT::WANDB: model: actor, step: 4, train_loss: 0.201008
TORCHFORT::WANDB: model: actor, step: 4, train_lr: 9.99999e-07
TORCHFORT::WANDB: model: rlwm, step: 2, actor_loss: 0.201008
TORCHFORT::WANDB: model: rlwm, step: 2, critic_loss: 0.00810039
TORCHFORT::WANDB: model: critic_0, step: 5, train_loss: 0.336881
TORCHFORT::WANDB: model: critic_0, step: 5, train_lr: 9.99998e-07
TORCHFORT::WANDB: model: actor, step: 5, train_loss: -0.0477665
TORCHFORT::WANDB: model: actor, step: 5, train_lr: 9.99998e-07
TORCHFORT::WANDB: model: rlwm, step: 3, actor_loss: -0.0477665
TORCHFORT::WANDB: model: rlwm, step: 3, critic_loss: 0.336881
TORCHFORT::WANDB: model: critic_0, step: 6, train_loss: 0.0169122
TORCHFORT::WANDB: model: critic_0, step: 6, train_lr: 9.99998e-07
TORCHFORT::WANDB: model: actor, step: 6, train_loss: 0.12348
TORCHFORT::WANDB: model: actor, step: 6, train_lr: 9.99998e-07
TORCHFORT::WANDB: model: rlwm, step: 3, actor_loss: 0.12348
TORCHFORT::WANDB: model: rlwm, step: 3, critic_loss: 0.0169122
TORCHFORT::WANDB: model: critic_0, step: 7, train_loss: 9.24786e-06
TORCHFORT::WANDB: model: critic_0, step: 7, train_lr: 9.99996e-07
TORCHFORT::WANDB: model: actor, step: 7, train_loss: 0.164554
TORCHFORT::WANDB: model: actor, step: 7, train_lr: 9.99996e-07
TORCHFORT::WANDB: model: rlwm, step: 4, actor_loss: 0.164554
TORCHFORT::WANDB: model: rlwm, step: 4, critic_loss: 9.24786e-06
TORCHFORT::WANDB: model: critic_0, step: 8, train_loss: 0.0540438
TORCHFORT::WANDB: model: critic_0, step: 8, train_lr: 9.99995e-07
TORCHFORT::WANDB: model: actor, step: 8, train_loss: -0.108568
TORCHFORT::WANDB: model: actor, step: 8, train_lr: 9.99995e-07
TORCHFORT::WANDB: model: rlwm, step: 4, actor_loss: -0.108568
TORCHFORT::WANDB: model: rlwm, step: 4, critic_loss: 0.0540438
TORCHFORT::WANDB: model: critic_0, step: 9, train_loss: 0.000170038
TORCHFORT::WANDB: model: critic_0, step: 9, train_lr: 9.99994e-07
TORCHFORT::WANDB: model: actor, step: 9, train_loss: -0.00656512
TORCHFORT::WANDB: model: actor, step: 9, train_lr: 9.99994e-07
TORCHFORT::WANDB: model: rlwm, step: 5, actor_loss: -0.00656512
TORCHFORT::WANDB: model: rlwm, step: 5, critic_loss: 0.000170038
TORCHFORT::WANDB: model: critic_0, step: 10, train_loss: 0.00804178
TORCHFORT::WANDB: model: critic_0, step: 10, train_lr: 9.99992e-07
TORCHFORT::WANDB: model: actor, step: 10, train_loss: 0.12699
TORCHFORT::WANDB: model: actor, step: 10, train_lr: 9.99992e-07
TORCHFORT::WANDB: model: rlwm, step: 5, actor_loss: 0.12699
TORCHFORT::WANDB: model: rlwm, step: 5, critic_loss: 0.00804178
TORCHFORT::WANDB: model: critic_0, step: 11, train_loss: inf
TORCHFORT::WANDB: model: critic_0, step: 11, train_lr: 9.9999e-07
TORCHFORT::WANDB: model: actor, step: 11, train_loss: 0.209085
TORCHFORT::WANDB: model: actor, step: 11, train_lr: 9.9999e-07
TORCHFORT::WANDB: model: rlwm, step: 6, actor_loss: 0.209085
TORCHFORT::WANDB: model: rlwm, step: 6, critic_loss: inf
TORCHFORT::WANDB: model: critic_0, step: 12, train_loss: 1.082
TORCHFORT::WANDB: model: critic_0, step: 12, train_lr: 9.99988e-07
TORCHFORT::WANDB: model: actor, step: 12, train_loss: 0.350524
TORCHFORT::WANDB: model: actor, step: 12, train_lr: 9.99988e-07
TORCHFORT::WANDB: model: rlwm, step: 6, actor_loss: 0.350524
TORCHFORT::WANDB: model: rlwm, step: 6, critic_loss: 1.082
TORCHFORT::WANDB: model: critic_0, step: 13, train_loss: 0.234321
TORCHFORT::WANDB: model: critic_0, step: 13, train_lr: 9.99986e-07
TORCHFORT::WANDB: model: actor, step: 13, train_loss: -0.0341481
TORCHFORT::WANDB: model: actor, step: 13, train_lr: 9.99986e-07
TORCHFORT::WANDB: model: rlwm, step: 7, actor_loss: -0.0341481
TORCHFORT::WANDB: model: rlwm, step: 7, critic_loss: 0.234321
TORCHFORT::WANDB: model: critic_0, step: 14, train_loss: 0.289619
TORCHFORT::WANDB: model: critic_0, step: 14, train_lr: 9.99983e-07
TORCHFORT::WANDB: model: actor, step: 14, train_loss: 0.00649204
TORCHFORT::WANDB: model: actor, step: 14, train_lr: 9.99983e-07
TORCHFORT::WANDB: model: rlwm, step: 7, actor_loss: 0.00649204
TORCHFORT::WANDB: model: rlwm, step: 7, critic_loss: 0.289619
TORCHFORT::WANDB: model: critic_0, step: 15, train_loss: 2.71426
TORCHFORT::WANDB: model: critic_0, step: 15, train_lr: 9.99981e-07
TORCHFORT::WANDB: model: actor, step: 15, train_loss: -0.350551
TORCHFORT::WANDB: model: actor, step: 15, train_lr: 9.99981e-07
TORCHFORT::WANDB: model: rlwm, step: 8, actor_loss: -0.350551
TORCHFORT::WANDB: model: rlwm, step: 8, critic_loss: 2.71426
TORCHFORT::WANDB: model: critic_0, step: 16, train_loss: 2.2453
TORCHFORT::WANDB: model: critic_0, step: 16, train_lr: 9.99978e-07
TORCHFORT::WANDB: model: actor, step: 16, train_loss: -0.291402
TORCHFORT::WANDB: model: actor, step: 16, train_lr: 9.99978e-07
TORCHFORT::WANDB: model: rlwm, step: 8, actor_loss: -0.291402
TORCHFORT::WANDB: model: rlwm, step: 8, critic_loss: 2.2453
TORCHFORT::WANDB: model: critic_0, step: 17, train_loss: 0.000163521
TORCHFORT::WANDB: model: critic_0, step: 17, train_lr: 9.99975e-07
TORCHFORT::WANDB: model: actor, step: 17, train_loss: -0.00655555
TORCHFORT::WANDB: model: actor, step: 17, train_lr: 9.99975e-07
TORCHFORT::WANDB: model: rlwm, step: 9, actor_loss: -0.00655555
TORCHFORT::WANDB: model: rlwm, step: 9, critic_loss: 0.000163521
TORCHFORT::WANDB: model: critic_0, step: 18, train_loss: 1.43946e+08
TORCHFORT::WANDB: model: critic_0, step: 18, train_lr: 9.99971e-07
TORCHFORT::WANDB: model: actor, step: 18, train_loss: 0.00649204
TORCHFORT::WANDB: model: actor, step: 18, train_lr: 9.99971e-07
TORCHFORT::WANDB: model: rlwm, step: 9, actor_loss: 0.00649204
TORCHFORT::WANDB: model: rlwm, step: 9, critic_loss: 1.43946e+08
TORCHFORT::WANDB: model: critic_0, step: 19, train_loss: 2.05879
TORCHFORT::WANDB: model: critic_0, step: 19, train_lr: 9.99968e-07
TORCHFORT::WANDB: model: actor, step: 19, train_loss: -0.222766
TORCHFORT::WANDB: model: actor, step: 19, train_lr: 9.99968e-07
TORCHFORT::WANDB: model: rlwm, step: 10, actor_loss: -0.222766
TORCHFORT::WANDB: model: rlwm, step: 10, critic_loss: 2.05879
TORCHFORT::WANDB: model: critic_0, step: 20, train_loss: 1.02522
TORCHFORT::WANDB: model: critic_0, step: 20, train_lr: 9.99964e-07
TORCHFORT::WANDB: model: actor, step: 20, train_loss: -0.230931
TORCHFORT::WANDB: model: actor, step: 20, train_lr: 9.99964e-07
TORCHFORT::WANDB: model: rlwm, step: 10, actor_loss: -0.230931
TORCHFORT::WANDB: model: rlwm, step: 10, critic_loss: 1.02522
TORCHFORT::WANDB: model: critic_0, step: 21, train_loss: inf
TORCHFORT::WANDB: model: critic_0, step: 21, train_lr: 9.99961e-07
TORCHFORT::WANDB: model: actor, step: 21, train_loss: 0.185816
TORCHFORT::WANDB: model: actor, step: 21, train_lr: 9.99961e-07
TORCHFORT::WANDB: model: rlwm, step: 11, actor_loss: 0.185816
TORCHFORT::WANDB: model: rlwm, step: 11, critic_loss: inf
TORCHFORT::WANDB: model: critic_0, step: 22, train_loss: 0.29265
TORCHFORT::WANDB: model: critic_0, step: 22, train_lr: 9.99956e-07
TORCHFORT::WANDB: model: actor, step: 22, train_loss: -0.547443
TORCHFORT::WANDB: model: actor, step: 22, train_lr: 9.99956e-07
TORCHFORT::WANDB: model: rlwm, step: 11, actor_loss: -0.547443
TORCHFORT::WANDB: model: rlwm, step: 11, critic_loss: 0.29265
TORCHFORT::WANDB: model: critic_0, step: 23, train_loss: inf
TORCHFORT::WANDB: model: critic_0, step: 23, train_lr: 9.99952e-07
TORCHFORT::WANDB: model: actor, step: 23, train_loss: nan
TORCHFORT::WANDB: model: actor, step: 23, train_lr: 9.99952e-07
TORCHFORT::WANDB: model: rlwm, step: 12, actor_loss: nan
TORCHFORT::WANDB: model: rlwm, step: 12, critic_loss: inf
TORCHFORT::WANDB: model: critic_0, step: 24, train_loss: -nan
TORCHFORT::WANDB: model: critic_0, step: 24, train_lr: 9.99948e-07
TORCHFORT::WANDB: model: actor, step: 24, train_loss: -nan
TORCHFORT::WANDB: model: actor, step: 24, train_lr: 9.99948e-07
TORCHFORT::WANDB: model: rlwm, step: 12, actor_loss: -nan
TORCHFORT::WANDB: model: rlwm, step: 12, critic_loss: -nan
TORCHFORT::WANDB: model: critic_0, step: 25, train_loss: -nan
TORCHFORT::WANDB: model: critic_0, step: 25, train_lr: 9.99943e-07
TORCHFORT::WANDB: model: actor, step: 25, train_loss: nan
TORCHFORT::WANDB: model: actor, step: 25, train_lr: 9.99943e-07
TORCHFORT::WANDB: model: rlwm, step: 13, actor_loss: nan
TORCHFORT::WANDB: model: rlwm, step: 13, critic_loss: -nan
TORCHFORT::WANDB: model: critic_0, step: 26, train_loss: -nan
TORCHFORT::WANDB: model: critic_0, step: 26, train_lr: 9.99938e-07
TORCHFORT::WANDB: model: actor, step: 26, train_loss: nan
TORCHFORT::WANDB: model: actor, step: 26, train_lr: 9.99938e-07
TORCHFORT::WANDB: model: rlwm, step: 13, actor_loss: nan
TORCHFORT::WANDB: model: rlwm, step: 13, critic_loss: -nan
TORCHFORT::WANDB: model: critic_0, step: 1, train_loss: 8.30688e+08
TORCHFORT::WANDB: model: critic_0, step: 1, train_lr: 1e-06
TORCHFORT::WANDB: model: actor, step: 1, train_loss: 0.387503
TORCHFORT::WANDB: model: actor, step: 1, train_lr: 1e-06
TORCHFORT::WANDB: model: rlwm, step: 1, actor_loss: 0.387503
TORCHFORT::WANDB: model: rlwm, step: 1, critic_loss: 8.30688e+08
TORCHFORT::WANDB: model: critic_0, step: 2, train_loss: 0.0734649
TORCHFORT::WANDB: model: critic_0, step: 2, train_lr: 1e-06
TORCHFORT::WANDB: model: actor, step: 2, train_loss: 0.00691417
TORCHFORT::WANDB: model: actor, step: 2, train_lr: 1e-06
TORCHFORT::WANDB: model: rlwm, step: 1, actor_loss: 0.00691417
TORCHFORT::WANDB: model: rlwm, step: 1, critic_loss: 0.0734649
TORCHFORT::WANDB: model: critic_0, step: 3, train_loss: 0.0274871
TORCHFORT::WANDB: model: critic_0, step: 3, train_lr: 1e-06
TORCHFORT::WANDB: model: actor, step: 3, train_loss: -0.00999012
TORCHFORT::WANDB: model: actor, step: 3, train_lr: 1e-06
TORCHFORT::WANDB: model: rlwm, step: 2, actor_loss: -0.00999012
TORCHFORT::WANDB: model: rlwm, step: 2, critic_loss: 0.0274871
TORCHFORT::WANDB: model: critic_0, step: 4, train_loss: 0.0678728
TORCHFORT::WANDB: model: critic_0, step: 4, train_lr: 9.99999e-07
TORCHFORT::WANDB: model: actor, step: 4, train_loss: -0.0120122
TORCHFORT::WANDB: model: actor, step: 4, train_lr: 9.99999e-07
TORCHFORT::WANDB: model: rlwm, step: 2, actor_loss: -0.0120122
TORCHFORT::WANDB: model: rlwm, step: 2, critic_loss: 0.0678728
TORCHFORT::WANDB: model: critic_0, step: 5, train_loss: 0.0692695
TORCHFORT::WANDB: model: critic_0, step: 5, train_lr: 9.99998e-07
TORCHFORT::WANDB: model: actor, step: 5, train_loss: 0.0108334
TORCHFORT::WANDB: model: actor, step: 5, train_lr: 9.99998e-07
TORCHFORT::WANDB: model: rlwm, step: 3, actor_loss: 0.0108334
TORCHFORT::WANDB: model: rlwm, step: 3, critic_loss: 0.0692695
TORCHFORT::WANDB: model: critic_0, step: 6, train_loss: 0.0823978
TORCHFORT::WANDB: model: critic_0, step: 6, train_lr: 9.99998e-07
TORCHFORT::WANDB: model: actor, step: 6, train_loss: 0.0124536
TORCHFORT::WANDB: model: actor, step: 6, train_lr: 9.99998e-07
TORCHFORT::WANDB: model: rlwm, step: 3, actor_loss: 0.0124536
TORCHFORT::WANDB: model: rlwm, step: 3, critic_loss: 0.0823978
TORCHFORT::WANDB: model: critic_0, step: 1, train_loss: 0.0296248
TORCHFORT::WANDB: model: critic_0, step: 1, train_lr: 1e-06
TORCHFORT::WANDB: model: actor, step: 1, train_loss: -0.0959743
TORCHFORT::WANDB: model: actor, step: 1, train_lr: 1e-06
TORCHFORT::WANDB: model: rlwm, step: 1, actor_loss: -0.0959743
TORCHFORT::WANDB: model: rlwm, step: 1, critic_loss: 0.0296248
TORCHFORT::WANDB: model: critic_0, step: 2, train_loss: 0.0207616
TORCHFORT::WANDB: model: critic_0, step: 2, train_lr: 1e-06
TORCHFORT::WANDB: model: actor, step: 2, train_loss: -0.109235
TORCHFORT::WANDB: model: actor, step: 2, train_lr: 1e-06
TORCHFORT::WANDB: model: rlwm, step: 1, actor_loss: -0.109235
TORCHFORT::WANDB: model: rlwm, step: 1, critic_loss: 0.0207616
TORCHFORT::WANDB: model: critic_0, step: 3, train_loss: 0.000274533
TORCHFORT::WANDB: model: critic_0, step: 3, train_lr: 1e-06
TORCHFORT::WANDB: model: actor, step: 3, train_loss: -0.108201
TORCHFORT::WANDB: model: actor, step: 3, train_lr: 1e-06
TORCHFORT::WANDB: model: rlwm, step: 2, actor_loss: -0.108201
TORCHFORT::WANDB: model: rlwm, step: 2, critic_loss: 0.000274533
TORCHFORT::WANDB: model: critic_0, step: 4, train_loss: 0.0169175
TORCHFORT::WANDB: model: critic_0, step: 4, train_lr: 9.99999e-07
TORCHFORT::WANDB: model: actor, step: 4, train_loss: -0.111192
TORCHFORT::WANDB: model: actor, step: 4, train_lr: 9.99999e-07
TORCHFORT::WANDB: model: rlwm, step: 2, actor_loss: -0.111192
TORCHFORT::WANDB: model: rlwm, step: 2, critic_loss: 0.0169175
TORCHFORT::WANDB: model: critic_0, step: 1, train_loss: inf
TORCHFORT::WANDB: model: critic_0, step: 1, train_lr: 1e-06
TORCHFORT::WANDB: model: actor, step: 1, train_loss: -0.11361
TORCHFORT::WANDB: model: actor, step: 1, train_lr: 1e-06
TORCHFORT::WANDB: model: rlwm, step: 1, actor_loss: -0.11361
TORCHFORT::WANDB: model: rlwm, step: 1, critic_loss: inf
TORCHFORT::WANDB: model: critic_0, step: 2, train_loss: 0.000626701
TORCHFORT::WANDB: model: critic_0, step: 2, train_lr: 1e-06
TORCHFORT::WANDB: model: actor, step: 2, train_loss: -0.250444
TORCHFORT::WANDB: model: actor, step: 2, train_lr: 1e-06
TORCHFORT::WANDB: model: rlwm, step: 1, actor_loss: -0.250444
TORCHFORT::WANDB: model: rlwm, step: 1, critic_loss: 0.000626701
TORCHFORT::WANDB: model: critic_0, step: 3, train_loss: 0.00384951
TORCHFORT::WANDB: model: critic_0, step: 3, train_lr: 1e-06
TORCHFORT::WANDB: model: actor, step: 3, train_loss: -0.203651
TORCHFORT::WANDB: model: actor, step: 3, train_lr: 1e-06
TORCHFORT::WANDB: model: rlwm, step: 2, actor_loss: -0.203651
TORCHFORT::WANDB: model: rlwm, step: 2, critic_loss: 0.00384951
TORCHFORT::WANDB: model: critic_0, step: 4, train_loss: 0.0681597
TORCHFORT::WANDB: model: critic_0, step: 4, train_lr: 9.99999e-07
TORCHFORT::WANDB: model: actor, step: 4, train_loss: 0.17398
TORCHFORT::WANDB: model: actor, step: 4, train_lr: 9.99999e-07
TORCHFORT::WANDB: model: rlwm, step: 2, actor_loss: 0.17398
TORCHFORT::WANDB: model: rlwm, step: 2, critic_loss: 0.0681597
TORCHFORT::WANDB: model: critic_0, step: 5, train_loss: 0.00838517
TORCHFORT::WANDB: model: critic_0, step: 5, train_lr: 9.99998e-07
TORCHFORT::WANDB: model: actor, step: 5, train_loss: -0.246112
TORCHFORT::WANDB: model: actor, step: 5, train_lr: 9.99998e-07
TORCHFORT::WANDB: model: rlwm, step: 3, actor_loss: -0.246112
TORCHFORT::WANDB: model: rlwm, step: 3, critic_loss: 0.00838517
TORCHFORT::WANDB: model: critic_0, step: 6, train_loss: 0.0624982
TORCHFORT::WANDB: model: critic_0, step: 6, train_lr: 9.99998e-07
TORCHFORT::WANDB: model: actor, step: 6, train_loss: -0.194342
TORCHFORT::WANDB: model: actor, step: 6, train_lr: 9.99998e-07
TORCHFORT::WANDB: model: rlwm, step: 3, actor_loss: -0.194342
TORCHFORT::WANDB: model: rlwm, step: 3, critic_loss: 0.0624982
TORCHFORT::WANDB: model: critic_0, step: 7, train_loss: 0.140719
TORCHFORT::WANDB: model: critic_0, step: 7, train_lr: 9.99996e-07
TORCHFORT::WANDB: model: actor, step: 7, train_loss: -0.25281
TORCHFORT::WANDB: model: actor, step: 7, train_lr: 9.99996e-07
TORCHFORT::WANDB: model: rlwm, step: 4, actor_loss: -0.25281
TORCHFORT::WANDB: model: rlwm, step: 4, critic_loss: 0.140719
TORCHFORT::WANDB: model: critic_0, step: 8, train_loss: inf
TORCHFORT::WANDB: model: critic_0, step: 8, train_lr: 9.99995e-07
TORCHFORT::WANDB: model: actor, step: 8, train_loss: nan
TORCHFORT::WANDB: model: actor, step: 8, train_lr: 9.99995e-07
TORCHFORT::WANDB: model: rlwm, step: 4, actor_loss: nan
TORCHFORT::WANDB: model: rlwm, step: 4, critic_loss: inf
TORCHFORT::WANDB: model: critic_0, step: 1, train_loss: 0.283529
TORCHFORT::WANDB: model: critic_0, step: 1, train_lr: 1e-06
TORCHFORT::WANDB: model: actor, step: 1, train_loss: -0.274213
TORCHFORT::WANDB: model: actor, step: 1, train_lr: 1e-06
TORCHFORT::WANDB: model: rlwm, step: 1, actor_loss: -0.274213
TORCHFORT::WANDB: model: rlwm, step: 1, critic_loss: 0.283529
TORCHFORT::WANDB: model: critic_0, step: 2, train_loss: 0.0186934
TORCHFORT::WANDB: model: critic_0, step: 2, train_lr: 1e-06
TORCHFORT::WANDB: model: actor, step: 2, train_loss: -0.312683
TORCHFORT::WANDB: model: actor, step: 2, train_lr: 1e-06
TORCHFORT::WANDB: model: rlwm, step: 1, actor_loss: -0.312683
TORCHFORT::WANDB: model: rlwm, step: 1, critic_loss: 0.0186934
TORCHFORT::WANDB: model: critic_0, step: 3, train_loss: 0.276544
TORCHFORT::WANDB: model: critic_0, step: 3, train_lr: 1e-06
TORCHFORT::WANDB: model: actor, step: 3, train_loss: 0.0793853
TORCHFORT::WANDB: model: actor, step: 3, train_lr: 1e-06
TORCHFORT::WANDB: model: rlwm, step: 2, actor_loss: 0.0793853
TORCHFORT::WANDB: model: rlwm, step: 2, critic_loss: 0.276544
TORCHFORT::WANDB: model: critic_0, step: 4, train_loss: 0.35352
TORCHFORT::WANDB: model: critic_0, step: 4, train_lr: 9.99999e-07
TORCHFORT::WANDB: model: actor, step: 4, train_loss: 0.102622
TORCHFORT::WANDB: model: actor, step: 4, train_lr: 9.99999e-07
TORCHFORT::WANDB: model: rlwm, step: 2, actor_loss: 0.102622
TORCHFORT::WANDB: model: rlwm, step: 2, critic_loss: 0.35352
TORCHFORT::WANDB: model: critic_0, step: 5, train_loss: 0.00127884
TORCHFORT::WANDB: model: critic_0, step: 5, train_lr: 9.99998e-07
TORCHFORT::WANDB: model: actor, step: 5, train_loss: -0.274803
TORCHFORT::WANDB: model: actor, step: 5, train_lr: 9.99998e-07
TORCHFORT::WANDB: model: rlwm, step: 3, actor_loss: -0.274803
TORCHFORT::WANDB: model: rlwm, step: 3, critic_loss: 0.00127884
TORCHFORT::WANDB: model: critic_0, step: 6, train_loss: 0.375735
TORCHFORT::WANDB: model: critic_0, step: 6, train_lr: 9.99998e-07
TORCHFORT::WANDB: model: actor, step: 6, train_loss: -0.278385
TORCHFORT::WANDB: model: actor, step: 6, train_lr: 9.99998e-07
TORCHFORT::WANDB: model: rlwm, step: 3, actor_loss: -0.278385
TORCHFORT::WANDB: model: rlwm, step: 3, critic_loss: 0.375735
TORCHFORT::WANDB: model: critic_0, step: 7, train_loss: 0.291292
TORCHFORT::WANDB: model: critic_0, step: 7, train_lr: 9.99996e-07
TORCHFORT::WANDB: model: actor, step: 7, train_loss: -0.0326955
TORCHFORT::WANDB: model: actor, step: 7, train_lr: 9.99996e-07
TORCHFORT::WANDB: model: rlwm, step: 4, actor_loss: -0.0326955
TORCHFORT::WANDB: model: rlwm, step: 4, critic_loss: 0.291292
TORCHFORT::WANDB: model: critic_0, step: 8, train_loss: 0.000514708
TORCHFORT::WANDB: model: critic_0, step: 8, train_lr: 9.99995e-07
TORCHFORT::WANDB: model: actor, step: 8, train_loss: -0.103623
TORCHFORT::WANDB: model: actor, step: 8, train_lr: 9.99995e-07
TORCHFORT::WANDB: model: rlwm, step: 4, actor_loss: -0.103623
TORCHFORT::WANDB: model: rlwm, step: 4, critic_loss: 0.000514708
TORCHFORT::WANDB: model: critic_0, step: 9, train_loss: 0.465479
TORCHFORT::WANDB: model: critic_0, step: 9, train_lr: 9.99994e-07
TORCHFORT::WANDB: model: actor, step: 9, train_loss: 0.196094
TORCHFORT::WANDB: model: actor, step: 9, train_lr: 9.99994e-07
TORCHFORT::WANDB: model: rlwm, step: 5, actor_loss: 0.196094
TORCHFORT::WANDB: model: rlwm, step: 5, critic_loss: 0.465479
TORCHFORT::WANDB: model: critic_0, step: 10, train_loss: 0.297522
TORCHFORT::WANDB: model: critic_0, step: 10, train_lr: 9.99992e-07
TORCHFORT::WANDB: model: actor, step: 10, train_loss: 0.147203
TORCHFORT::WANDB: model: actor, step: 10, train_lr: 9.99992e-07
TORCHFORT::WANDB: model: rlwm, step: 5, actor_loss: 0.147203
TORCHFORT::WANDB: model: rlwm, step: 5, critic_loss: 0.297522
TORCHFORT::WANDB: model: critic_0, step: 11, train_loss: inf
TORCHFORT::WANDB: model: critic_0, step: 11, train_lr: 9.9999e-07
TORCHFORT::WANDB: model: actor, step: 11, train_loss: -0.278149
TORCHFORT::WANDB: model: actor, step: 11, train_lr: 9.9999e-07
TORCHFORT::WANDB: model: rlwm, step: 6, actor_loss: -0.278149
TORCHFORT::WANDB: model: rlwm, step: 6, critic_loss: inf
TORCHFORT::WANDB: model: critic_0, step: 12, train_loss: 1.29482
TORCHFORT::WANDB: model: critic_0, step: 12, train_lr: 9.99988e-07
TORCHFORT::WANDB: model: actor, step: 12, train_loss: -0.513448
TORCHFORT::WANDB: model: actor, step: 12, train_lr: 9.99988e-07
TORCHFORT::WANDB: model: rlwm, step: 6, actor_loss: -0.513448
TORCHFORT::WANDB: model: rlwm, step: 6, critic_loss: 1.29482
TORCHFORT::WANDB: model: critic_0, step: 13, train_loss: 0.171342
TORCHFORT::WANDB: model: critic_0, step: 13, train_lr: 9.99986e-07
TORCHFORT::WANDB: model: actor, step: 13, train_loss: -0.276771
TORCHFORT::WANDB: model: actor, step: 13, train_lr: 9.99986e-07
TORCHFORT::WANDB: model: rlwm, step: 7, actor_loss: -0.276771
TORCHFORT::WANDB: model: rlwm, step: 7, critic_loss: 0.171342
TORCHFORT::WANDB: model: critic_0, step: 14, train_loss: 0.00317027
TORCHFORT::WANDB: model: critic_0, step: 14, train_lr: 9.99983e-07
TORCHFORT::WANDB: model: actor, step: 14, train_loss: -0.378337
TORCHFORT::WANDB: model: actor, step: 14, train_lr: 9.99983e-07
TORCHFORT::WANDB: model: rlwm, step: 7, actor_loss: -0.378337
TORCHFORT::WANDB: model: rlwm, step: 7, critic_loss: 0.00317027
TORCHFORT::WANDB: model: critic_0, step: 15, train_loss: 0.960729
TORCHFORT::WANDB: model: critic_0, step: 15, train_lr: 9.99981e-07
TORCHFORT::WANDB: model: actor, step: 15, train_loss: 0.428956
TORCHFORT::WANDB: model: actor, step: 15, train_lr: 9.99981e-07
TORCHFORT::WANDB: model: rlwm, step: 8, actor_loss: 0.428956
TORCHFORT::WANDB: model: rlwm, step: 8, critic_loss: 0.960729
TORCHFORT::WANDB: model: critic_0, step: 16, train_loss: 2.13237
TORCHFORT::WANDB: model: critic_0, step: 16, train_lr: 9.99978e-07
TORCHFORT::WANDB: model: actor, step: 16, train_loss: 0.311417
TORCHFORT::WANDB: model: actor, step: 16, train_lr: 9.99978e-07
TORCHFORT::WANDB: model: rlwm, step: 8, actor_loss: 0.311417
TORCHFORT::WANDB: model: rlwm, step: 8, critic_loss: 2.13237
TORCHFORT::WANDB: model: critic_0, step: 17, train_loss: 0.385802
TORCHFORT::WANDB: model: critic_0, step: 17, train_lr: 9.99975e-07
TORCHFORT::WANDB: model: actor, step: 17, train_loss: 0.220165
TORCHFORT::WANDB: model: actor, step: 17, train_lr: 9.99975e-07
TORCHFORT::WANDB: model: rlwm, step: 9, actor_loss: 0.220165
TORCHFORT::WANDB: model: rlwm, step: 9, critic_loss: 0.385802
TORCHFORT::WANDB: model: critic_0, step: 18, train_loss: 1.4392e+08
TORCHFORT::WANDB: model: critic_0, step: 18, train_lr: 9.99971e-07
TORCHFORT::WANDB: model: actor, step: 18, train_loss: -0.383862
TORCHFORT::WANDB: model: actor, step: 18, train_lr: 9.99971e-07
TORCHFORT::WANDB: model: rlwm, step: 9, actor_loss: -0.383862
TORCHFORT::WANDB: model: rlwm, step: 9, critic_loss: 1.4392e+08
TORCHFORT::WANDB: model: critic_0, step: 19, train_loss: 2.20334
TORCHFORT::WANDB: model: critic_0, step: 19, train_lr: 9.99968e-07
TORCHFORT::WANDB: model: actor, step: 19, train_loss: -0.015335
TORCHFORT::WANDB: model: actor, step: 19, train_lr: 9.99968e-07
TORCHFORT::WANDB: model: rlwm, step: 10, actor_loss: -0.015335
TORCHFORT::WANDB: model: rlwm, step: 10, critic_loss: 2.20334
TORCHFORT::WANDB: model: critic_0, step: 20, train_loss: 1.66513
TORCHFORT::WANDB: model: critic_0, step: 20, train_lr: 9.99964e-07
TORCHFORT::WANDB: model: actor, step: 20, train_loss: 0.0298953
TORCHFORT::WANDB: model: actor, step: 20, train_lr: 9.99964e-07
TORCHFORT::WANDB: model: rlwm, step: 10, actor_loss: 0.0298953
TORCHFORT::WANDB: model: rlwm, step: 10, critic_loss: 1.66513
TORCHFORT::WANDB: model: critic_0, step: 21, train_loss: inf
TORCHFORT::WANDB: model: critic_0, step: 21, train_lr: 9.99961e-07
TORCHFORT::WANDB: model: actor, step: 21, train_loss: -0.333317
TORCHFORT::WANDB: model: actor, step: 21, train_lr: 9.99961e-07
TORCHFORT::WANDB: model: rlwm, step: 11, actor_loss: -0.333317
TORCHFORT::WANDB: model: rlwm, step: 11, critic_loss: inf
TORCHFORT::WANDB: model: critic_0, step: 22, train_loss: 0.00538893
TORCHFORT::WANDB: model: critic_0, step: 22, train_lr: 9.99956e-07
TORCHFORT::WANDB: model: actor, step: 22, train_loss: 0.241656
TORCHFORT::WANDB: model: actor, step: 22, train_lr: 9.99956e-07
TORCHFORT::WANDB: model: rlwm, step: 11, actor_loss: 0.241656
TORCHFORT::WANDB: model: rlwm, step: 11, critic_loss: 0.00538893
TORCHFORT::WANDB: model: critic_0, step: 23, train_loss: inf
TORCHFORT::WANDB: model: critic_0, step: 23, train_lr: 9.99952e-07
TORCHFORT::WANDB: model: actor, step: 23, train_loss: nan
TORCHFORT::WANDB: model: actor, step: 23, train_lr: 9.99952e-07
TORCHFORT::WANDB: model: rlwm, step: 12, actor_loss: nan
TORCHFORT::WANDB: model: rlwm, step: 12, critic_loss: inf
TORCHFORT::WANDB: model: critic_0, step: 24, train_loss: -nan
TORCHFORT::WANDB: model: critic_0, step: 24, train_lr: 9.99948e-07
TORCHFORT::WANDB: model: actor, step: 24, train_loss: -nan
TORCHFORT::WANDB: model: actor, step: 24, train_lr: 9.99948e-07
TORCHFORT::WANDB: model: rlwm, step: 12, actor_loss: -nan
TORCHFORT::WANDB: model: rlwm, step: 12, critic_loss: -nan
TORCHFORT::WANDB: model: critic_0, step: 25, train_loss: -nan
TORCHFORT::WANDB: model: critic_0, step: 25, train_lr: 9.99943e-07
TORCHFORT::WANDB: model: actor, step: 25, train_loss: nan
TORCHFORT::WANDB: model: actor, step: 25, train_lr: 9.99943e-07
TORCHFORT::WANDB: model: rlwm, step: 13, actor_loss: nan
TORCHFORT::WANDB: model: rlwm, step: 13, critic_loss: -nan
TORCHFORT::WANDB: model: critic_0, step: 26, train_loss: -nan
TORCHFORT::WANDB: model: critic_0, step: 26, train_lr: 9.99938e-07
TORCHFORT::WANDB: model: actor, step: 26, train_loss: nan
TORCHFORT::WANDB: model: actor, step: 26, train_lr: 9.99938e-07
TORCHFORT::WANDB: model: rlwm, step: 13, actor_loss: nan
TORCHFORT::WANDB: model: rlwm, step: 13, critic_loss: -nan
TORCHFORT::WANDB: model: critic_0, step: 27, train_loss: -nan
TORCHFORT::WANDB: model: critic_0, step: 27, train_lr: 9.99933e-07
TORCHFORT::WANDB: model: actor, step: 27, train_loss: nan
TORCHFORT::WANDB: model: actor, step: 27, train_lr: 9.99933e-07
TORCHFORT::WANDB: model: rlwm, step: 14, actor_loss: nan
TORCHFORT::WANDB: model: rlwm, step: 14, critic_loss: -nan
TORCHFORT::WANDB: model: critic_0, step: 28, train_loss: -nan
TORCHFORT::WANDB: model: critic_0, step: 28, train_lr: 9.99928e-07
TORCHFORT::WANDB: model: actor, step: 28, train_loss: nan
TORCHFORT::WANDB: model: actor, step: 28, train_lr: 9.99928e-07
TORCHFORT::WANDB: model: rlwm, step: 14, actor_loss: nan
TORCHFORT::WANDB: model: rlwm, step: 14, critic_loss: -nan
TORCHFORT::WANDB: model: critic_0, step: 29, train_loss: -nan
TORCHFORT::WANDB: model: critic_0, step: 29, train_lr: 9.99923e-07
TORCHFORT::WANDB: model: actor, step: 29, train_loss: nan
TORCHFORT::WANDB: model: actor, step: 29, train_lr: 9.99923e-07
TORCHFORT::WANDB: model: rlwm, step: 15, actor_loss: nan
TORCHFORT::WANDB: model: rlwm, step: 15, critic_loss: -nan
TORCHFORT::WANDB: model: critic_0, step: 30, train_loss: -nan
TORCHFORT::WANDB: model: critic_0, step: 30, train_lr: 9.99917e-07
TORCHFORT::WANDB: model: actor, step: 30, train_loss: nan
TORCHFORT::WANDB: model: actor, step: 30, train_lr: 9.99917e-07
TORCHFORT::WANDB: model: rlwm, step: 15, actor_loss: nan
TORCHFORT::WANDB: model: rlwm, step: 15, critic_loss: -nan
TORCHFORT::WANDB: model: critic_0, step: 1, train_loss: 0.0619437
TORCHFORT::WANDB: model: critic_0, step: 1, train_lr: 1e-06
TORCHFORT::WANDB: model: actor, step: 1, train_loss: -0.0960947
TORCHFORT::WANDB: model: actor, step: 1, train_lr: 1e-06
TORCHFORT::WANDB: model: rlwm, step: 1, actor_loss: -0.0960947
TORCHFORT::WANDB: model: rlwm, step: 1, critic_loss: 0.0619437
TORCHFORT::WANDB: model: critic_0, step: 2, train_loss: 0.0613697
TORCHFORT::WANDB: model: critic_0, step: 2, train_lr: 1e-06
TORCHFORT::WANDB: model: actor, step: 2, train_loss: -0.243968
TORCHFORT::WANDB: model: actor, step: 2, train_lr: 1e-06
TORCHFORT::WANDB: model: rlwm, step: 1, actor_loss: -0.243968
TORCHFORT::WANDB: model: rlwm, step: 1, critic_loss: 0.0613697
TORCHFORT::WANDB: model: critic_0, step: 3, train_loss: 0.0350392
TORCHFORT::WANDB: model: critic_0, step: 3, train_lr: 1e-06
TORCHFORT::WANDB: model: actor, step: 3, train_loss: -0.19181
TORCHFORT::WANDB: model: actor, step: 3, train_lr: 1e-06
TORCHFORT::WANDB: model: rlwm, step: 2, actor_loss: -0.19181
TORCHFORT::WANDB: model: rlwm, step: 2, critic_loss: 0.0350392
TORCHFORT::WANDB: model: critic_0, step: 4, train_loss: 5.60032e-05
TORCHFORT::WANDB: model: critic_0, step: 4, train_lr: 9.99999e-07
TORCHFORT::WANDB: model: actor, step: 4, train_loss: -0.0382784
TORCHFORT::WANDB: model: actor, step: 4, train_lr: 9.99999e-07
TORCHFORT::WANDB: model: rlwm, step: 2, actor_loss: -0.0382784
TORCHFORT::WANDB: model: rlwm, step: 2, critic_loss: 5.60032e-05
TORCHFORT::WANDB: model: critic_0, step: 5, train_loss: 0.0495407
TORCHFORT::WANDB: model: critic_0, step: 5, train_lr: 9.99998e-07
TORCHFORT::WANDB: model: actor, step: 5, train_loss: -0.208248
TORCHFORT::WANDB: model: actor, step: 5, train_lr: 9.99998e-07
TORCHFORT::WANDB: model: rlwm, step: 3, actor_loss: -0.208248
TORCHFORT::WANDB: model: rlwm, step: 3, critic_loss: 0.0495407
TORCHFORT::WANDB: model: critic_0, step: 6, train_loss: 0.00715173
TORCHFORT::WANDB: model: critic_0, step: 6, train_lr: 9.99998e-07
TORCHFORT::WANDB: model: actor, step: 6, train_loss: -0.110448
TORCHFORT::WANDB: model: actor, step: 6, train_lr: 9.99998e-07
TORCHFORT::WANDB: model: rlwm, step: 3, actor_loss: -0.110448
TORCHFORT::WANDB: model: rlwm, step: 3, critic_loss: 0.00715173
TORCHFORT::WANDB: model: critic_0, step: 7, train_loss: 0.0243482
TORCHFORT::WANDB: model: critic_0, step: 7, train_lr: 9.99996e-07
TORCHFORT::WANDB: model: actor, step: 7, train_loss: 0.0377643
TORCHFORT::WANDB: model: actor, step: 7, train_lr: 9.99996e-07
TORCHFORT::WANDB: model: rlwm, step: 4, actor_loss: 0.0377643
TORCHFORT::WANDB: model: rlwm, step: 4, critic_loss: 0.0243482
TORCHFORT::WANDB: model: critic_0, step: 8, train_loss: 0.298433
TORCHFORT::WANDB: model: critic_0, step: 8, train_lr: 9.99995e-07
TORCHFORT::WANDB: model: actor, step: 8, train_loss: -0.181868
TORCHFORT::WANDB: model: actor, step: 8, train_lr: 9.99995e-07
TORCHFORT::WANDB: model: rlwm, step: 4, actor_loss: -0.181868
TORCHFORT::WANDB: model: rlwm, step: 4, critic_loss: 0.298433
TORCHFORT::WANDB: model: critic_0, step: 9, train_loss: 0.732066
TORCHFORT::WANDB: model: critic_0, step: 9, train_lr: 9.99994e-07
TORCHFORT::WANDB: model: actor, step: 9, train_loss: 0.317313
TORCHFORT::WANDB: model: actor, step: 9, train_lr: 9.99994e-07
TORCHFORT::WANDB: model: rlwm, step: 5, actor_loss: 0.317313
TORCHFORT::WANDB: model: rlwm, step: 5, critic_loss: 0.732066
TORCHFORT::WANDB: model: critic_0, step: 10, train_loss: 0.0104613
TORCHFORT::WANDB: model: critic_0, step: 10, train_lr: 9.99992e-07
TORCHFORT::WANDB: model: actor, step: 10, train_loss: -0.108885
TORCHFORT::WANDB: model: actor, step: 10, train_lr: 9.99992e-07
TORCHFORT::WANDB: model: rlwm, step: 5, actor_loss: -0.108885
TORCHFORT::WANDB: model: rlwm, step: 5, critic_loss: 0.0104613
TORCHFORT::WANDB: model: critic_0, step: 11, train_loss: inf
TORCHFORT::WANDB: model: critic_0, step: 11, train_lr: 9.9999e-07
TORCHFORT::WANDB: model: actor, step: 11, train_loss: -0.20594
TORCHFORT::WANDB: model: actor, step: 11, train_lr: 9.9999e-07
TORCHFORT::WANDB: model: rlwm, step: 6, actor_loss: -0.20594
TORCHFORT::WANDB: model: rlwm, step: 6, critic_loss: inf
TORCHFORT::WANDB: model: critic_0, step: 12, train_loss: 1.24686
TORCHFORT::WANDB: model: critic_0, step: 12, train_lr: 9.99988e-07
TORCHFORT::WANDB: model: actor, step: 12, train_loss: -0.404511
TORCHFORT::WANDB: model: actor, step: 12, train_lr: 9.99988e-07
TORCHFORT::WANDB: model: rlwm, step: 6, actor_loss: -0.404511
TORCHFORT::WANDB: model: rlwm, step: 6, critic_loss: 1.24686
TORCHFORT::WANDB: model: critic_0, step: 13, train_loss: 0.058681
TORCHFORT::WANDB: model: critic_0, step: 13, train_lr: 9.99986e-07
TORCHFORT::WANDB: model: actor, step: 13, train_loss: -0.171164
TORCHFORT::WANDB: model: actor, step: 13, train_lr: 9.99986e-07
TORCHFORT::WANDB: model: rlwm, step: 7, actor_loss: -0.171164
TORCHFORT::WANDB: model: rlwm, step: 7, critic_loss: 0.058681
TORCHFORT::WANDB: model: critic_0, step: 14, train_loss: 0.0767728
TORCHFORT::WANDB: model: critic_0, step: 14, train_lr: 9.99983e-07
TORCHFORT::WANDB: model: actor, step: 14, train_loss: -0.472126
TORCHFORT::WANDB: model: actor, step: 14, train_lr: 9.99983e-07
TORCHFORT::WANDB: model: rlwm, step: 7, actor_loss: -0.472126
TORCHFORT::WANDB: model: rlwm, step: 7, critic_loss: 0.0767728
TORCHFORT::WANDB: model: critic_0, step: 15, train_loss: 0.867362
TORCHFORT::WANDB: model: critic_0, step: 15, train_lr: 9.99981e-07
TORCHFORT::WANDB: model: actor, step: 15, train_loss: 0.36237
TORCHFORT::WANDB: model: actor, step: 15, train_lr: 9.99981e-07
TORCHFORT::WANDB: model: rlwm, step: 8, actor_loss: 0.36237
TORCHFORT::WANDB: model: rlwm, step: 8, critic_loss: 0.867362
TORCHFORT::WANDB: model: critic_0, step: 16, train_loss: 1.39746
TORCHFORT::WANDB: model: critic_0, step: 16, train_lr: 9.99978e-07
TORCHFORT::WANDB: model: actor, step: 16, train_loss: -0.0325731
TORCHFORT::WANDB: model: actor, step: 16, train_lr: 9.99978e-07
TORCHFORT::WANDB: model: rlwm, step: 8, actor_loss: -0.0325731
TORCHFORT::WANDB: model: rlwm, step: 8, critic_loss: 1.39746
TORCHFORT::WANDB: model: critic_0, step: 17, train_loss: 0.737811
TORCHFORT::WANDB: model: critic_0, step: 17, train_lr: 9.99975e-07
TORCHFORT::WANDB: model: actor, step: 17, train_loss: 0.31822
TORCHFORT::WANDB: model: actor, step: 17, train_lr: 9.99975e-07
TORCHFORT::WANDB: model: rlwm, step: 9, actor_loss: 0.31822
TORCHFORT::WANDB: model: rlwm, step: 9, critic_loss: 0.737811
TORCHFORT::WANDB: model: critic_0, step: 18, train_loss: 1.43922e+08
TORCHFORT::WANDB: model: critic_0, step: 18, train_lr: 9.99971e-07
TORCHFORT::WANDB: model: actor, step: 18, train_loss: -0.480426
TORCHFORT::WANDB: model: actor, step: 18, train_lr: 9.99971e-07
TORCHFORT::WANDB: model: rlwm, step: 9, actor_loss: -0.480426
TORCHFORT::WANDB: model: rlwm, step: 9, critic_loss: 1.43922e+08
TORCHFORT::WANDB: model: critic_0, step: 19, train_loss: 1.66295
TORCHFORT::WANDB: model: critic_0, step: 19, train_lr: 9.99968e-07
TORCHFORT::WANDB: model: actor, step: 19, train_loss: -0.103334
TORCHFORT::WANDB: model: actor, step: 19, train_lr: 9.99968e-07
TORCHFORT::WANDB: model: rlwm, step: 10, actor_loss: -0.103334
TORCHFORT::WANDB: model: rlwm, step: 10, critic_loss: 1.66295
TORCHFORT::WANDB: model: critic_0, step: 20, train_loss: 1.59186
TORCHFORT::WANDB: model: critic_0, step: 20, train_lr: 9.99964e-07
TORCHFORT::WANDB: model: actor, step: 20, train_loss: 0.000383154
TORCHFORT::WANDB: model: actor, step: 20, train_lr: 9.99964e-07
TORCHFORT::WANDB: model: rlwm, step: 10, actor_loss: 0.000383154
TORCHFORT::WANDB: model: rlwm, step: 10, critic_loss: 1.59186
TORCHFORT::WANDB: model: critic_0, step: 21, train_loss: inf
TORCHFORT::WANDB: model: critic_0, step: 21, train_lr: 9.99961e-07
TORCHFORT::WANDB: model: actor, step: 21, train_loss: -0.353952
TORCHFORT::WANDB: model: actor, step: 21, train_lr: 9.99961e-07
TORCHFORT::WANDB: model: rlwm, step: 11, actor_loss: -0.353952
TORCHFORT::WANDB: model: rlwm, step: 11, critic_loss: inf
TORCHFORT::WANDB: model: critic_0, step: 22, train_loss: 0.0490294
TORCHFORT::WANDB: model: critic_0, step: 22, train_lr: 9.99956e-07
TORCHFORT::WANDB: model: actor, step: 22, train_loss: 0.0244964
TORCHFORT::WANDB: model: actor, step: 22, train_lr: 9.99956e-07
TORCHFORT::WANDB: model: rlwm, step: 11, actor_loss: 0.0244964
TORCHFORT::WANDB: model: rlwm, step: 11, critic_loss: 0.0490294
TORCHFORT::WANDB: model: critic_0, step: 23, train_loss: inf
TORCHFORT::WANDB: model: critic_0, step: 23, train_lr: 9.99952e-07
TORCHFORT::WANDB: model: actor, step: 23, train_loss: nan
TORCHFORT::WANDB: model: actor, step: 23, train_lr: 9.99952e-07
TORCHFORT::WANDB: model: rlwm, step: 12, actor_loss: nan
TORCHFORT::WANDB: model: rlwm, step: 12, critic_loss: inf
TORCHFORT::WANDB: model: critic_0, step: 24, train_loss: -nan
TORCHFORT::WANDB: model: critic_0, step: 24, train_lr: 9.99948e-07
TORCHFORT::WANDB: model: actor, step: 24, train_loss: -nan
TORCHFORT::WANDB: model: actor, step: 24, train_lr: 9.99948e-07
TORCHFORT::WANDB: model: rlwm, step: 12, actor_loss: -nan
TORCHFORT::WANDB: model: rlwm, step: 12, critic_loss: -nan
TORCHFORT::WANDB: model: critic_0, step: 25, train_loss: -nan
TORCHFORT::WANDB: model: critic_0, step: 25, train_lr: 9.99943e-07
TORCHFORT::WANDB: model: actor, step: 25, train_loss: nan
TORCHFORT::WANDB: model: actor, step: 25, train_lr: 9.99943e-07
TORCHFORT::WANDB: model: rlwm, step: 13, actor_loss: nan
TORCHFORT::WANDB: model: rlwm, step: 13, critic_loss: -nan
TORCHFORT::WANDB: model: critic_0, step: 26, train_loss: -nan
TORCHFORT::WANDB: model: critic_0, step: 26, train_lr: 9.99938e-07
TORCHFORT::WANDB: model: actor, step: 26, train_loss: nan
TORCHFORT::WANDB: model: actor, step: 26, train_lr: 9.99938e-07
TORCHFORT::WANDB: model: rlwm, step: 13, actor_loss: nan
TORCHFORT::WANDB: model: rlwm, step: 13, critic_loss: -nan
TORCHFORT::WANDB: model: critic_0, step: 1, train_loss: 0.0062084
TORCHFORT::WANDB: model: critic_0, step: 1, train_lr: 1e-06
TORCHFORT::WANDB: model: actor, step: 1, train_loss: -0.179109
TORCHFORT::WANDB: model: actor, step: 1, train_lr: 1e-06
TORCHFORT::WANDB: model: rlwm, step: 1, actor_loss: -0.179109
TORCHFORT::WANDB: model: rlwm, step: 1, critic_loss: 0.0062084
TORCHFORT::WANDB: model: critic_0, step: 2, train_loss: 0.116157
TORCHFORT::WANDB: model: critic_0, step: 2, train_lr: 1e-06
TORCHFORT::WANDB: model: actor, step: 2, train_loss: 0.0315676
TORCHFORT::WANDB: model: actor, step: 2, train_lr: 1e-06
TORCHFORT::WANDB: model: rlwm, step: 1, actor_loss: 0.0315676
TORCHFORT::WANDB: model: rlwm, step: 1, critic_loss: 0.116157
TORCHFORT::WANDB: model: critic_0, step: 3, train_loss: 0.0307773
TORCHFORT::WANDB: model: critic_0, step: 3, train_lr: 1e-06
TORCHFORT::WANDB: model: actor, step: 3, train_loss: 0.0632375
TORCHFORT::WANDB: model: actor, step: 3, train_lr: 1e-06
TORCHFORT::WANDB: model: rlwm, step: 2, actor_loss: 0.0632375
TORCHFORT::WANDB: model: rlwm, step: 2, critic_loss: 0.0307773
TORCHFORT::WANDB: model: critic_0, step: 4, train_loss: 0.0119477
TORCHFORT::WANDB: model: critic_0, step: 4, train_lr: 9.99999e-07
TORCHFORT::WANDB: model: actor, step: 4, train_loss: -0.168388
TORCHFORT::WANDB: model: actor, step: 4, train_lr: 9.99999e-07
TORCHFORT::WANDB: model: rlwm, step: 2, actor_loss: -0.168388
TORCHFORT::WANDB: model: rlwm, step: 2, critic_loss: 0.0119477
TORCHFORT::WANDB: model: critic_0, step: 5, train_loss: 0.0860863
TORCHFORT::WANDB: model: critic_0, step: 5, train_lr: 9.99998e-07
TORCHFORT::WANDB: model: actor, step: 5, train_loss: -0.108667
TORCHFORT::WANDB: model: actor, step: 5, train_lr: 9.99998e-07
TORCHFORT::WANDB: model: rlwm, step: 3, actor_loss: -0.108667
TORCHFORT::WANDB: model: rlwm, step: 3, critic_loss: 0.0860863
TORCHFORT::WANDB: model: critic_0, step: 6, train_loss: 0.0840575
TORCHFORT::WANDB: model: critic_0, step: 6, train_lr: 9.99998e-07
TORCHFORT::WANDB: model: actor, step: 6, train_loss: -0.172503
TORCHFORT::WANDB: model: actor, step: 6, train_lr: 9.99998e-07
TORCHFORT::WANDB: model: rlwm, step: 3, actor_loss: -0.172503
TORCHFORT::WANDB: model: rlwm, step: 3, critic_loss: 0.0840575
TORCHFORT::WANDB: model: critic_0, step: 7, train_loss: 0.00245484
TORCHFORT::WANDB: model: critic_0, step: 7, train_lr: 9.99996e-07
TORCHFORT::WANDB: model: actor, step: 7, train_loss: 0.0906791
TORCHFORT::WANDB: model: actor, step: 7, train_lr: 9.99996e-07
TORCHFORT::WANDB: model: rlwm, step: 4, actor_loss: 0.0906791
TORCHFORT::WANDB: model: rlwm, step: 4, critic_loss: 0.00245484
TORCHFORT::WANDB: model: critic_0, step: 8, train_loss: 0.0523685
TORCHFORT::WANDB: model: critic_0, step: 8, train_lr: 9.99995e-07
TORCHFORT::WANDB: model: actor, step: 8, train_loss: 0.0959088
TORCHFORT::WANDB: model: actor, step: 8, train_lr: 9.99995e-07
TORCHFORT::WANDB: model: rlwm, step: 4, actor_loss: 0.0959088
TORCHFORT::WANDB: model: rlwm, step: 4, critic_loss: 0.0523685
TORCHFORT::WANDB: model: critic_0, step: 9, train_loss: 0.111633
TORCHFORT::WANDB: model: critic_0, step: 9, train_lr: 9.99994e-07
TORCHFORT::WANDB: model: actor, step: 9, train_loss: 0.0808951
TORCHFORT::WANDB: model: actor, step: 9, train_lr: 9.99994e-07
TORCHFORT::WANDB: model: rlwm, step: 5, actor_loss: 0.0808951
TORCHFORT::WANDB: model: rlwm, step: 5, critic_loss: 0.111633
TORCHFORT::WANDB: model: critic_0, step: 10, train_loss: 0.0109397
TORCHFORT::WANDB: model: critic_0, step: 10, train_lr: 9.99992e-07
TORCHFORT::WANDB: model: actor, step: 10, train_loss: -0.179519
TORCHFORT::WANDB: model: actor, step: 10, train_lr: 9.99992e-07
TORCHFORT::WANDB: model: rlwm, step: 5, actor_loss: -0.179519
TORCHFORT::WANDB: model: rlwm, step: 5, critic_loss: 0.0109397
TORCHFORT::WANDB: model: critic_0, step: 11, train_loss: inf
TORCHFORT::WANDB: model: critic_0, step: 11, train_lr: 9.9999e-07
TORCHFORT::WANDB: model: actor, step: 11, train_loss: -0.172756
TORCHFORT::WANDB: model: actor, step: 11, train_lr: 9.9999e-07
TORCHFORT::WANDB: model: rlwm, step: 6, actor_loss: -0.172756
TORCHFORT::WANDB: model: rlwm, step: 6, critic_loss: inf
TORCHFORT::WANDB: model: critic_0, step: 12, train_loss: 1.22336
TORCHFORT::WANDB: model: critic_0, step: 12, train_lr: 9.99988e-07
TORCHFORT::WANDB: model: actor, step: 12, train_loss: 0.303699
TORCHFORT::WANDB: model: actor, step: 12, train_lr: 9.99988e-07
TORCHFORT::WANDB: model: rlwm, step: 6, actor_loss: 0.303699
TORCHFORT::WANDB: model: rlwm, step: 6, critic_loss: 1.22336
TORCHFORT::WANDB: model: critic_0, step: 13, train_loss: 0.039426
TORCHFORT::WANDB: model: critic_0, step: 13, train_lr: 9.99986e-07
TORCHFORT::WANDB: model: actor, step: 13, train_loss: -0.000532396
TORCHFORT::WANDB: model: actor, step: 13, train_lr: 9.99986e-07
TORCHFORT::WANDB: model: rlwm, step: 7, actor_loss: -0.000532396
TORCHFORT::WANDB: model: rlwm, step: 7, critic_loss: 0.039426
TORCHFORT::WANDB: model: critic_0, step: 14, train_loss: 0.313405
TORCHFORT::WANDB: model: critic_0, step: 14, train_lr: 9.99983e-07
TORCHFORT::WANDB: model: actor, step: 14, train_loss: -0.237277
TORCHFORT::WANDB: model: actor, step: 14, train_lr: 9.99983e-07
TORCHFORT::WANDB: model: rlwm, step: 7, actor_loss: -0.237277
TORCHFORT::WANDB: model: rlwm, step: 7, critic_loss: 0.313405
TORCHFORT::WANDB: model: critic_0, step: 15, train_loss: 1.93381
TORCHFORT::WANDB: model: critic_0, step: 15, train_lr: 9.99981e-07
TORCHFORT::WANDB: model: actor, step: 15, train_loss: -0.411284
TORCHFORT::WANDB: model: actor, step: 15, train_lr: 9.99981e-07
TORCHFORT::WANDB: model: rlwm, step: 8, actor_loss: -0.411284
TORCHFORT::WANDB: model: rlwm, step: 8, critic_loss: 1.93381
TORCHFORT::WANDB: model: critic_0, step: 16, train_loss: 5.38947
TORCHFORT::WANDB: model: critic_0, step: 16, train_lr: 9.99978e-07
TORCHFORT::WANDB: model: actor, step: 16, train_loss: -0.0916665
TORCHFORT::WANDB: model: actor, step: 16, train_lr: 9.99978e-07
TORCHFORT::WANDB: model: rlwm, step: 8, actor_loss: -0.0916665
TORCHFORT::WANDB: model: rlwm, step: 8, critic_loss: 5.38947
TORCHFORT::WANDB: model: critic_0, step: 17, train_loss: 0.143826
TORCHFORT::WANDB: model: critic_0, step: 17, train_lr: 9.99975e-07
TORCHFORT::WANDB: model: actor, step: 17, train_loss: 0.0836563
TORCHFORT::WANDB: model: actor, step: 17, train_lr: 9.99975e-07
TORCHFORT::WANDB: model: rlwm, step: 9, actor_loss: 0.0836563
TORCHFORT::WANDB: model: rlwm, step: 9, critic_loss: 0.143826
TORCHFORT::WANDB: model: critic_0, step: 18, train_loss: 1.43943e+08
TORCHFORT::WANDB: model: critic_0, step: 18, train_lr: 9.99971e-07
TORCHFORT::WANDB: model: actor, step: 18, train_loss: -0.144991
TORCHFORT::WANDB: model: actor, step: 18, train_lr: 9.99971e-07
TORCHFORT::WANDB: model: rlwm, step: 9, actor_loss: -0.144991
TORCHFORT::WANDB: model: rlwm, step: 9, critic_loss: 1.43943e+08
TORCHFORT::WANDB: model: critic_0, step: 19, train_loss: 1.73008
TORCHFORT::WANDB: model: critic_0, step: 19, train_lr: 9.99968e-07
TORCHFORT::WANDB: model: actor, step: 19, train_loss: -0.351796
TORCHFORT::WANDB: model: actor, step: 19, train_lr: 9.99968e-07
TORCHFORT::WANDB: model: rlwm, step: 10, actor_loss: -0.351796
TORCHFORT::WANDB: model: rlwm, step: 10, critic_loss: 1.73008
TORCHFORT::WANDB: model: critic_0, step: 20, train_loss: 0.865511
TORCHFORT::WANDB: model: critic_0, step: 20, train_lr: 9.99964e-07
TORCHFORT::WANDB: model: actor, step: 20, train_loss: 0.201972
TORCHFORT::WANDB: model: actor, step: 20, train_lr: 9.99964e-07
TORCHFORT::WANDB: model: rlwm, step: 10, actor_loss: 0.201972
TORCHFORT::WANDB: model: rlwm, step: 10, critic_loss: 0.865511
TORCHFORT::WANDB: model: critic_0, step: 21, train_loss: inf
TORCHFORT::WANDB: model: critic_0, step: 21, train_lr: 9.99961e-07
TORCHFORT::WANDB: model: actor, step: 21, train_loss: -0.160532
TORCHFORT::WANDB: model: actor, step: 21, train_lr: 9.99961e-07
TORCHFORT::WANDB: model: rlwm, step: 11, actor_loss: -0.160532
TORCHFORT::WANDB: model: rlwm, step: 11, critic_loss: inf
TORCHFORT::WANDB: model: critic_0, step: 22, train_loss: 0.291559
TORCHFORT::WANDB: model: critic_0, step: 22, train_lr: 9.99956e-07
TORCHFORT::WANDB: model: actor, step: 22, train_loss: -0.463068
TORCHFORT::WANDB: model: actor, step: 22, train_lr: 9.99956e-07
TORCHFORT::WANDB: model: rlwm, step: 11, actor_loss: -0.463068
TORCHFORT::WANDB: model: rlwm, step: 11, critic_loss: 0.291559
TORCHFORT::WANDB: model: critic_0, step: 23, train_loss: inf
TORCHFORT::WANDB: model: critic_0, step: 23, train_lr: 9.99952e-07
TORCHFORT::WANDB: model: actor, step: 23, train_loss: nan
TORCHFORT::WANDB: model: actor, step: 23, train_lr: 9.99952e-07
TORCHFORT::WANDB: model: rlwm, step: 12, actor_loss: nan
TORCHFORT::WANDB: model: rlwm, step: 12, critic_loss: inf
TORCHFORT::WANDB: model: critic_0, step: 24, train_loss: -nan
TORCHFORT::WANDB: model: critic_0, step: 24, train_lr: 9.99948e-07
TORCHFORT::WANDB: model: actor, step: 24, train_loss: -nan
TORCHFORT::WANDB: model: actor, step: 24, train_lr: 9.99948e-07
TORCHFORT::WANDB: model: rlwm, step: 12, actor_loss: -nan
TORCHFORT::WANDB: model: rlwm, step: 12, critic_loss: -nan
TORCHFORT::WANDB: model: critic_0, step: 25, train_loss: -nan
TORCHFORT::WANDB: model: critic_0, step: 25, train_lr: 9.99943e-07
TORCHFORT::WANDB: model: actor, step: 25, train_loss: nan
TORCHFORT::WANDB: model: actor, step: 25, train_lr: 9.99943e-07
TORCHFORT::WANDB: model: rlwm, step: 13, actor_loss: nan
TORCHFORT::WANDB: model: rlwm, step: 13, critic_loss: -nan
TORCHFORT::WANDB: model: critic_0, step: 26, train_loss: -nan
TORCHFORT::WANDB: model: critic_0, step: 26, train_lr: 9.99938e-07
TORCHFORT::WANDB: model: actor, step: 26, train_loss: nan
TORCHFORT::WANDB: model: actor, step: 26, train_lr: 9.99938e-07
TORCHFORT::WANDB: model: rlwm, step: 13, actor_loss: nan
TORCHFORT::WANDB: model: rlwm, step: 13, critic_loss: -nan
TORCHFORT::WANDB: model: critic_0, step: 1, train_loss: 0.370042
TORCHFORT::WANDB: model: critic_0, step: 1, train_lr: 1e-06
TORCHFORT::WANDB: model: actor, step: 1, train_loss: -0.00724687
TORCHFORT::WANDB: model: actor, step: 1, train_lr: 1e-06
TORCHFORT::WANDB: model: rlwm, step: 1, actor_loss: -0.00724687
TORCHFORT::WANDB: model: rlwm, step: 1, critic_loss: 0.370042
TORCHFORT::WANDB: model: critic_0, step: 2, train_loss: 0.0221676
TORCHFORT::WANDB: model: critic_0, step: 2, train_lr: 1e-06
TORCHFORT::WANDB: model: actor, step: 2, train_loss: 0.1684
TORCHFORT::WANDB: model: actor, step: 2, train_lr: 1e-06
TORCHFORT::WANDB: model: rlwm, step: 1, actor_loss: 0.1684
TORCHFORT::WANDB: model: rlwm, step: 1, critic_loss: 0.0221676
TORCHFORT::WANDB: model: critic_0, step: 3, train_loss: 0.170677
TORCHFORT::WANDB: model: critic_0, step: 3, train_lr: 1e-06
TORCHFORT::WANDB: model: actor, step: 3, train_loss: -0.244058
TORCHFORT::WANDB: model: actor, step: 3, train_lr: 1e-06
TORCHFORT::WANDB: model: rlwm, step: 2, actor_loss: -0.244058
TORCHFORT::WANDB: model: rlwm, step: 2, critic_loss: 0.170677
TORCHFORT::WANDB: model: critic_0, step: 4, train_loss: 0.00995205
TORCHFORT::WANDB: model: critic_0, step: 4, train_lr: 9.99999e-07
TORCHFORT::WANDB: model: actor, step: 4, train_loss: -0.243988
TORCHFORT::WANDB: model: actor, step: 4, train_lr: 9.99999e-07
TORCHFORT::WANDB: model: rlwm, step: 2, actor_loss: -0.243988
TORCHFORT::WANDB: model: rlwm, step: 2, critic_loss: 0.00995205
TORCHFORT::WANDB: model: critic_0, step: 1, train_loss: 1.66449e+28
TORCHFORT::WANDB: model: critic_0, step: 1, train_lr: 1e-06
TORCHFORT::WANDB: model: actor, step: 1, train_loss: -0.0695154
TORCHFORT::WANDB: model: actor, step: 1, train_lr: 1e-06
TORCHFORT::WANDB: model: rlwm, step: 1, actor_loss: -0.0695154
TORCHFORT::WANDB: model: rlwm, step: 1, critic_loss: 1.66449e+28
TORCHFORT::WANDB: model: critic_0, step: 2, train_loss: 0.000128476
TORCHFORT::WANDB: model: critic_0, step: 2, train_lr: 1e-06
TORCHFORT::WANDB: model: actor, step: 2, train_loss: 0.0911515
TORCHFORT::WANDB: model: actor, step: 2, train_lr: 1e-06
TORCHFORT::WANDB: model: rlwm, step: 1, actor_loss: 0.0911515
TORCHFORT::WANDB: model: rlwm, step: 1, critic_loss: 0.000128476
TORCHFORT::WANDB: model: critic_0, step: 3, train_loss: 0.0283822
TORCHFORT::WANDB: model: critic_0, step: 3, train_lr: 1e-06
TORCHFORT::WANDB: model: actor, step: 3, train_loss: -0.0883079
TORCHFORT::WANDB: model: actor, step: 3, train_lr: 1e-06
TORCHFORT::WANDB: model: rlwm, step: 2, actor_loss: -0.0883079
TORCHFORT::WANDB: model: rlwm, step: 2, critic_loss: 0.0283822
TORCHFORT::WANDB: model: critic_0, step: 4, train_loss: 0.0361432
TORCHFORT::WANDB: model: critic_0, step: 4, train_lr: 9.99999e-07
TORCHFORT::WANDB: model: actor, step: 4, train_loss: -0.0666441
TORCHFORT::WANDB: model: actor, step: 4, train_lr: 9.99999e-07
TORCHFORT::WANDB: model: rlwm, step: 2, actor_loss: -0.0666441
TORCHFORT::WANDB: model: rlwm, step: 2, critic_loss: 0.0361432
TORCHFORT::WANDB: model: critic_0, step: 1, train_loss: inf
TORCHFORT::WANDB: model: critic_0, step: 1, train_lr: 1e-06
TORCHFORT::WANDB: model: actor, step: 1, train_loss: -0.257164
TORCHFORT::WANDB: model: actor, step: 1, train_lr: 1e-06
TORCHFORT::WANDB: model: rlwm, step: 1, actor_loss: -0.257164
TORCHFORT::WANDB: model: rlwm, step: 1, critic_loss: inf
TORCHFORT::WANDB: model: critic_0, step: 2, train_loss: 0.00981865
TORCHFORT::WANDB: model: critic_0, step: 2, train_lr: 1e-06
TORCHFORT::WANDB: model: actor, step: 2, train_loss: 0.194699
TORCHFORT::WANDB: model: actor, step: 2, train_lr: 1e-06
TORCHFORT::WANDB: model: rlwm, step: 1, actor_loss: 0.194699
TORCHFORT::WANDB: model: rlwm, step: 1, critic_loss: 0.00981865
TORCHFORT::WANDB: model: critic_0, step: 3, train_loss: 0.356073
TORCHFORT::WANDB: model: critic_0, step: 3, train_lr: 1e-06
TORCHFORT::WANDB: model: actor, step: 3, train_loss: 0.197691
TORCHFORT::WANDB: model: actor, step: 3, train_lr: 1e-06
TORCHFORT::WANDB: model: rlwm, step: 2, actor_loss: 0.197691
TORCHFORT::WANDB: model: rlwm, step: 2, critic_loss: 0.356073
TORCHFORT::WANDB: model: critic_0, step: 4, train_loss: 0.0970035
TORCHFORT::WANDB: model: critic_0, step: 4, train_lr: 9.99999e-07
TORCHFORT::WANDB: model: actor, step: 4, train_loss: 0.13606
TORCHFORT::WANDB: model: actor, step: 4, train_lr: 9.99999e-07
TORCHFORT::WANDB: model: rlwm, step: 2, actor_loss: 0.13606
TORCHFORT::WANDB: model: rlwm, step: 2, critic_loss: 0.0970035
TORCHFORT::WANDB: model: critic_0, step: 5, train_loss: 0.0309569
TORCHFORT::WANDB: model: critic_0, step: 5, train_lr: 9.99998e-07
TORCHFORT::WANDB: model: actor, step: 5, train_loss: 0.17733
TORCHFORT::WANDB: model: actor, step: 5, train_lr: 9.99998e-07
TORCHFORT::WANDB: model: rlwm, step: 3, actor_loss: 0.17733
TORCHFORT::WANDB: model: rlwm, step: 3, critic_loss: 0.0309569
TORCHFORT::WANDB: model: critic_0, step: 6, train_loss: 0.00956026
TORCHFORT::WANDB: model: critic_0, step: 6, train_lr: 9.99998e-07
TORCHFORT::WANDB: model: actor, step: 6, train_loss: 0.160297
TORCHFORT::WANDB: model: actor, step: 6, train_lr: 9.99998e-07
TORCHFORT::WANDB: model: rlwm, step: 3, actor_loss: 0.160297
TORCHFORT::WANDB: model: rlwm, step: 3, critic_loss: 0.00956026
TORCHFORT::WANDB: model: rlwm, step: 1, actor_loss: 2.09273e-25
TORCHFORT::WANDB: model: rlwm, step: 1, critic_loss: -1.28326
TORCHFORT::WANDB: model: rlwm, step: 1, actor_loss: 8.41573e-35
TORCHFORT::WANDB: model: rlwm, step: 1, critic_loss: 4.59163e-41
TORCHFORT::WANDB: model: critic_0, step: 1, train_loss: -nan
TORCHFORT::WANDB: model: critic_0, step: 1, train_lr: 1e-06
TORCHFORT::WANDB: model: actor, step: 1, train_loss: nan
TORCHFORT::WANDB: model: actor, step: 1, train_lr: 1e-06
TORCHFORT::WANDB: model: rlwm, step: 2, actor_loss: nan
TORCHFORT::WANDB: model: rlwm, step: 2, critic_loss: -nan
TORCHFORT::WANDB: model: critic_0, step: 2, train_loss: -nan
TORCHFORT::WANDB: model: critic_0, step: 2, train_lr: 1e-06
TORCHFORT::WANDB: model: actor, step: 2, train_loss: -nan
TORCHFORT::WANDB: model: actor, step: 2, train_lr: 1e-06
TORCHFORT::WANDB: model: rlwm, step: 2, actor_loss: -nan
TORCHFORT::WANDB: model: rlwm, step: 2, critic_loss: -nan
TORCHFORT::WANDB: model: critic_0, step: 3, train_loss: -nan
TORCHFORT::WANDB: model: critic_0, step: 3, train_lr: 1e-06
TORCHFORT::WANDB: model: actor, step: 3, train_loss: nan
TORCHFORT::WANDB: model: actor, step: 3, train_lr: 1e-06
TORCHFORT::WANDB: model: rlwm, step: 3, actor_loss: nan
TORCHFORT::WANDB: model: rlwm, step: 3, critic_loss: -nan
TORCHFORT::WANDB: model: critic_0, step: 4, train_loss: -nan
TORCHFORT::WANDB: model: critic_0, step: 4, train_lr: 9.99999e-07
TORCHFORT::WANDB: model: actor, step: 4, train_loss: nan
TORCHFORT::WANDB: model: actor, step: 4, train_lr: 9.99999e-07
TORCHFORT::WANDB: model: rlwm, step: 3, actor_loss: nan
TORCHFORT::WANDB: model: rlwm, step: 3, critic_loss: -nan
TORCHFORT::WANDB: model: critic_0, step: 5, train_loss: -nan
TORCHFORT::WANDB: model: critic_0, step: 5, train_lr: 9.99998e-07
TORCHFORT::WANDB: model: actor, step: 5, train_loss: nan
TORCHFORT::WANDB: model: actor, step: 5, train_lr: 9.99998e-07
TORCHFORT::WANDB: model: rlwm, step: 4, actor_loss: nan
TORCHFORT::WANDB: model: rlwm, step: 4, critic_loss: -nan
TORCHFORT::WANDB: model: critic_0, step: 6, train_loss: -nan
TORCHFORT::WANDB: model: critic_0, step: 6, train_lr: 9.99998e-07
TORCHFORT::WANDB: model: actor, step: 6, train_loss: nan
TORCHFORT::WANDB: model: actor, step: 6, train_lr: 9.99998e-07
TORCHFORT::WANDB: model: rlwm, step: 4, actor_loss: nan
TORCHFORT::WANDB: model: rlwm, step: 4, critic_loss: -nan
TORCHFORT::WANDB: model: rlwm, step: 1, actor_loss: 2.09273e-25
TORCHFORT::WANDB: model: rlwm, step: 1, critic_loss: -1.28326
TORCHFORT::WANDB: model: rlwm, step: 1, actor_loss: 3.7793e-34
TORCHFORT::WANDB: model: rlwm, step: 1, critic_loss: 4.59163e-41
TORCHFORT::WANDB: model: critic_0, step: 1, train_loss: -nan
TORCHFORT::WANDB: model: critic_0, step: 1, train_lr: 1e-06
TORCHFORT::WANDB: model: actor, step: 1, train_loss: nan
TORCHFORT::WANDB: model: actor, step: 1, train_lr: 1e-06
TORCHFORT::WANDB: model: rlwm, step: 2, actor_loss: nan
TORCHFORT::WANDB: model: rlwm, step: 2, critic_loss: -nan
TORCHFORT::WANDB: model: critic_0, step: 2, train_loss: -nan
TORCHFORT::WANDB: model: critic_0, step: 2, train_lr: 1e-06
TORCHFORT::WANDB: model: actor, step: 2, train_loss: -nan
TORCHFORT::WANDB: model: actor, step: 2, train_lr: 1e-06
TORCHFORT::WANDB: model: rlwm, step: 2, actor_loss: -nan
TORCHFORT::WANDB: model: rlwm, step: 2, critic_loss: -nan
TORCHFORT::WANDB: model: critic_0, step: 3, train_loss: -nan
TORCHFORT::WANDB: model: critic_0, step: 3, train_lr: 1e-06
TORCHFORT::WANDB: model: actor, step: 3, train_loss: nan
TORCHFORT::WANDB: model: actor, step: 3, train_lr: 1e-06
TORCHFORT::WANDB: model: rlwm, step: 3, actor_loss: nan
TORCHFORT::WANDB: model: rlwm, step: 3, critic_loss: -nan
TORCHFORT::WANDB: model: critic_0, step: 4, train_loss: -nan
TORCHFORT::WANDB: model: critic_0, step: 4, train_lr: 9.99999e-07
TORCHFORT::WANDB: model: actor, step: 4, train_loss: nan
TORCHFORT::WANDB: model: actor, step: 4, train_lr: 9.99999e-07
TORCHFORT::WANDB: model: rlwm, step: 3, actor_loss: nan
TORCHFORT::WANDB: model: rlwm, step: 3, critic_loss: -nan
TORCHFORT::WANDB: model: critic_0, step: 1, train_loss: 18.0047
TORCHFORT::WANDB: model: critic_0, step: 1, train_lr: 1e-06
TORCHFORT::WANDB: model: actor, step: 1, train_loss: 0.154299
TORCHFORT::WANDB: model: actor, step: 1, train_lr: 1e-06
TORCHFORT::WANDB: model: rlwm, step: 1, actor_loss: 0.154299
TORCHFORT::WANDB: model: rlwm, step: 1, critic_loss: 18.0047
TORCHFORT::WANDB: model: critic_0, step: 2, train_loss: 0.0537556
TORCHFORT::WANDB: model: critic_0, step: 2, train_lr: 1e-06
TORCHFORT::WANDB: model: actor, step: 2, train_loss: -0.053245
TORCHFORT::WANDB: model: actor, step: 2, train_lr: 1e-06
TORCHFORT::WANDB: model: rlwm, step: 1, actor_loss: -0.053245
TORCHFORT::WANDB: model: rlwm, step: 1, critic_loss: 0.0537556
TORCHFORT::WANDB: model: critic_0, step: 3, train_loss: 0.153525
TORCHFORT::WANDB: model: critic_0, step: 3, train_lr: 1e-06
TORCHFORT::WANDB: model: actor, step: 3, train_loss: -0.000412479
TORCHFORT::WANDB: model: actor, step: 3, train_lr: 1e-06
TORCHFORT::WANDB: model: rlwm, step: 2, actor_loss: -0.000412479
TORCHFORT::WANDB: model: rlwm, step: 2, critic_loss: 0.153525
TORCHFORT::WANDB: model: critic_0, step: 4, train_loss: 0.0249251
TORCHFORT::WANDB: model: critic_0, step: 4, train_lr: 9.99999e-07
TORCHFORT::WANDB: model: actor, step: 4, train_loss: -0.134331
TORCHFORT::WANDB: model: actor, step: 4, train_lr: 9.99999e-07
TORCHFORT::WANDB: model: rlwm, step: 2, actor_loss: -0.134331
TORCHFORT::WANDB: model: rlwm, step: 2, critic_loss: 0.0249251
TORCHFORT::WANDB: model: critic_0, step: 5, train_loss: 0.00321061
TORCHFORT::WANDB: model: critic_0, step: 5, train_lr: 9.99998e-07
TORCHFORT::WANDB: model: actor, step: 5, train_loss: -0.058091
TORCHFORT::WANDB: model: actor, step: 5, train_lr: 9.99998e-07
TORCHFORT::WANDB: model: rlwm, step: 3, actor_loss: -0.058091
TORCHFORT::WANDB: model: rlwm, step: 3, critic_loss: 0.00321061
TORCHFORT::WANDB: model: critic_0, step: 6, train_loss: 0.0317242
TORCHFORT::WANDB: model: critic_0, step: 6, train_lr: 9.99998e-07
TORCHFORT::WANDB: model: actor, step: 6, train_loss: -0.0607608
TORCHFORT::WANDB: model: actor, step: 6, train_lr: 9.99998e-07
TORCHFORT::WANDB: model: rlwm, step: 3, actor_loss: -0.0607608
TORCHFORT::WANDB: model: rlwm, step: 3, critic_loss: 0.0317242
TORCHFORT::WANDB: model: critic_0, step: 7, train_loss: 0.0447888
TORCHFORT::WANDB: model: critic_0, step: 7, train_lr: 9.99996e-07
TORCHFORT::WANDB: model: actor, step: 7, train_loss: -0.132775
TORCHFORT::WANDB: model: actor, step: 7, train_lr: 9.99996e-07
TORCHFORT::WANDB: model: rlwm, step: 4, actor_loss: -0.132775
TORCHFORT::WANDB: model: rlwm, step: 4, critic_loss: 0.0447888
TORCHFORT::WANDB: model: critic_0, step: 8, train_loss: 0.145847
TORCHFORT::WANDB: model: critic_0, step: 8, train_lr: 9.99995e-07
TORCHFORT::WANDB: model: actor, step: 8, train_loss: -0.223575
TORCHFORT::WANDB: model: actor, step: 8, train_lr: 9.99995e-07
TORCHFORT::WANDB: model: rlwm, step: 4, actor_loss: -0.223575
TORCHFORT::WANDB: model: rlwm, step: 4, critic_loss: 0.145847
TORCHFORT::WANDB: model: critic_0, step: 9, train_loss: 0.000444437
TORCHFORT::WANDB: model: critic_0, step: 9, train_lr: 9.99994e-07
TORCHFORT::WANDB: model: actor, step: 9, train_loss: -0.098682
TORCHFORT::WANDB: model: actor, step: 9, train_lr: 9.99994e-07
TORCHFORT::WANDB: model: rlwm, step: 5, actor_loss: -0.098682
TORCHFORT::WANDB: model: rlwm, step: 5, critic_loss: 0.000444437
TORCHFORT::WANDB: model: critic_0, step: 10, train_loss: 0.0346753
TORCHFORT::WANDB: model: critic_0, step: 10, train_lr: 9.99992e-07
TORCHFORT::WANDB: model: actor, step: 10, train_loss: -0.127247
TORCHFORT::WANDB: model: actor, step: 10, train_lr: 9.99992e-07
TORCHFORT::WANDB: model: rlwm, step: 5, actor_loss: -0.127247
TORCHFORT::WANDB: model: rlwm, step: 5, critic_loss: 0.0346753
TORCHFORT::WANDB: model: critic_0, step: 11, train_loss: inf
TORCHFORT::WANDB: model: critic_0, step: 11, train_lr: 9.9999e-07
TORCHFORT::WANDB: model: actor, step: 11, train_loss: -0.147374
TORCHFORT::WANDB: model: actor, step: 11, train_lr: 9.9999e-07
TORCHFORT::WANDB: model: rlwm, step: 6, actor_loss: -0.147374
TORCHFORT::WANDB: model: rlwm, step: 6, critic_loss: inf
TORCHFORT::WANDB: model: critic_0, step: 12, train_loss: 1.18429
TORCHFORT::WANDB: model: critic_0, step: 12, train_lr: 9.99988e-07
TORCHFORT::WANDB: model: actor, step: 12, train_loss: 0.066331
TORCHFORT::WANDB: model: actor, step: 12, train_lr: 9.99988e-07
TORCHFORT::WANDB: model: rlwm, step: 6, actor_loss: 0.066331
TORCHFORT::WANDB: model: rlwm, step: 6, critic_loss: 1.18429
TORCHFORT::WANDB: model: critic_0, step: 1, train_loss: 1.10057e+27
TORCHFORT::WANDB: model: critic_0, step: 1, train_lr: 1e-06
TORCHFORT::WANDB: model: actor, step: 1, train_loss: -0.401082
TORCHFORT::WANDB: model: actor, step: 1, train_lr: 1e-06
TORCHFORT::WANDB: model: rlwm, step: 1, actor_loss: -0.401082
TORCHFORT::WANDB: model: rlwm, step: 1, critic_loss: 1.10057e+27
TORCHFORT::WANDB: model: critic_0, step: 2, train_loss: 0.0382366
TORCHFORT::WANDB: model: critic_0, step: 2, train_lr: 1e-06
TORCHFORT::WANDB: model: actor, step: 2, train_loss: -0.31354
TORCHFORT::WANDB: model: actor, step: 2, train_lr: 1e-06
TORCHFORT::WANDB: model: rlwm, step: 1, actor_loss: -0.31354
TORCHFORT::WANDB: model: rlwm, step: 1, critic_loss: 0.0382366
TORCHFORT::WANDB: model: critic_0, step: 3, train_loss: 0.097445
TORCHFORT::WANDB: model: critic_0, step: 3, train_lr: 1e-06
TORCHFORT::WANDB: model: actor, step: 3, train_loss: -0.1946
TORCHFORT::WANDB: model: actor, step: 3, train_lr: 1e-06
TORCHFORT::WANDB: model: rlwm, step: 2, actor_loss: -0.1946
TORCHFORT::WANDB: model: rlwm, step: 2, critic_loss: 0.097445
TORCHFORT::WANDB: model: critic_0, step: 4, train_loss: 0.0955742
TORCHFORT::WANDB: model: critic_0, step: 4, train_lr: 9.99999e-07
TORCHFORT::WANDB: model: actor, step: 4, train_loss: -0.319658
TORCHFORT::WANDB: model: actor, step: 4, train_lr: 9.99999e-07
TORCHFORT::WANDB: model: rlwm, step: 2, actor_loss: -0.319658
TORCHFORT::WANDB: model: rlwm, step: 2, critic_loss: 0.0955742
TORCHFORT::WANDB: model: critic_0, step: 5, train_loss: 0.000161053
TORCHFORT::WANDB: model: critic_0, step: 5, train_lr: 9.99998e-07
TORCHFORT::WANDB: model: actor, step: 5, train_loss: 0.226472
TORCHFORT::WANDB: model: actor, step: 5, train_lr: 9.99998e-07
TORCHFORT::WANDB: model: rlwm, step: 3, actor_loss: 0.226472
TORCHFORT::WANDB: model: rlwm, step: 3, critic_loss: 0.000161053
TORCHFORT::WANDB: model: critic_0, step: 6, train_loss: 0.256601
TORCHFORT::WANDB: model: critic_0, step: 6, train_lr: 9.99998e-07
TORCHFORT::WANDB: model: actor, step: 6, train_loss: -0.30947
TORCHFORT::WANDB: model: actor, step: 6, train_lr: 9.99998e-07
TORCHFORT::WANDB: model: rlwm, step: 3, actor_loss: -0.30947
TORCHFORT::WANDB: model: rlwm, step: 3, critic_loss: 0.256601
TORCHFORT::WANDB: model: critic_0, step: 7, train_loss: 0.0979093
TORCHFORT::WANDB: model: critic_0, step: 7, train_lr: 9.99996e-07
TORCHFORT::WANDB: model: actor, step: 7, train_loss: 0.267096
TORCHFORT::WANDB: model: actor, step: 7, train_lr: 9.99996e-07
TORCHFORT::WANDB: model: rlwm, step: 4, actor_loss: 0.267096
TORCHFORT::WANDB: model: rlwm, step: 4, critic_loss: 0.0979093
TORCHFORT::WANDB: model: critic_0, step: 8, train_loss: 1.17387e+26
TORCHFORT::WANDB: model: critic_0, step: 8, train_lr: 9.99995e-07
TORCHFORT::WANDB: model: actor, step: 8, train_loss: 0.0543967
TORCHFORT::WANDB: model: actor, step: 8, train_lr: 9.99995e-07
TORCHFORT::WANDB: model: rlwm, step: 4, actor_loss: 0.0543967
TORCHFORT::WANDB: model: rlwm, step: 4, critic_loss: 1.17387e+26
TORCHFORT::WANDB: model: critic_0, step: 1, train_loss: 0.0540966
TORCHFORT::WANDB: model: critic_0, step: 1, train_lr: 1e-06
TORCHFORT::WANDB: model: actor, step: 1, train_loss: -0.0782202
TORCHFORT::WANDB: model: actor, step: 1, train_lr: 1e-06
TORCHFORT::WANDB: model: rlwm, step: 1, actor_loss: -0.0782202
TORCHFORT::WANDB: model: rlwm, step: 1, critic_loss: 0.0540966
TORCHFORT::WANDB: model: critic_0, step: 2, train_loss: 0.0203841
TORCHFORT::WANDB: model: critic_0, step: 2, train_lr: 1e-06
TORCHFORT::WANDB: model: actor, step: 2, train_loss: -0.0170704
TORCHFORT::WANDB: model: actor, step: 2, train_lr: 1e-06
TORCHFORT::WANDB: model: rlwm, step: 1, actor_loss: -0.0170704
TORCHFORT::WANDB: model: rlwm, step: 1, critic_loss: 0.0203841
TORCHFORT::WANDB: model: critic_0, step: 3, train_loss: 8.32341e-07
TORCHFORT::WANDB: model: critic_0, step: 3, train_lr: 1e-06
TORCHFORT::WANDB: model: actor, step: 3, train_loss: -0.0989246
TORCHFORT::WANDB: model: actor, step: 3, train_lr: 1e-06
TORCHFORT::WANDB: model: rlwm, step: 2, actor_loss: -0.0989246
TORCHFORT::WANDB: model: rlwm, step: 2, critic_loss: 8.32341e-07
TORCHFORT::WANDB: model: critic_0, step: 4, train_loss: 0.00959263
TORCHFORT::WANDB: model: critic_0, step: 4, train_lr: 9.99999e-07
TORCHFORT::WANDB: model: actor, step: 4, train_loss: -0.056821
TORCHFORT::WANDB: model: actor, step: 4, train_lr: 9.99999e-07
TORCHFORT::WANDB: model: rlwm, step: 2, actor_loss: -0.056821
TORCHFORT::WANDB: model: rlwm, step: 2, critic_loss: 0.00959263
TORCHFORT::WANDB: model: critic_0, step: 1, train_loss: inf
TORCHFORT::WANDB: model: critic_0, step: 1, train_lr: 1e-06
TORCHFORT::WANDB: model: actor, step: 1, train_loss: 0.272349
TORCHFORT::WANDB: model: actor, step: 1, train_lr: 1e-06
TORCHFORT::WANDB: model: rlwm, step: 1, actor_loss: 0.272349
TORCHFORT::WANDB: model: rlwm, step: 1, critic_loss: inf
TORCHFORT::WANDB: model: critic_0, step: 2, train_loss: 0.022043
TORCHFORT::WANDB: model: critic_0, step: 2, train_lr: 1e-06
TORCHFORT::WANDB: model: actor, step: 2, train_loss: -0.288163
TORCHFORT::WANDB: model: actor, step: 2, train_lr: 1e-06
TORCHFORT::WANDB: model: rlwm, step: 1, actor_loss: -0.288163
TORCHFORT::WANDB: model: rlwm, step: 1, critic_loss: 0.022043
TORCHFORT::WANDB: model: critic_0, step: 1, train_loss: inf
TORCHFORT::WANDB: model: critic_0, step: 1, train_lr: 1e-06
TORCHFORT::WANDB: model: actor, step: 1, train_loss: -0.556061
TORCHFORT::WANDB: model: actor, step: 1, train_lr: 1e-06
TORCHFORT::WANDB: model: rlwm, step: 1, actor_loss: -0.556061
TORCHFORT::WANDB: model: rlwm, step: 1, critic_loss: inf
TORCHFORT::WANDB: model: critic_0, step: 2, train_loss: 0.43994
TORCHFORT::WANDB: model: critic_0, step: 2, train_lr: 1e-06
TORCHFORT::WANDB: model: actor, step: 2, train_loss: -0.232943
TORCHFORT::WANDB: model: actor, step: 2, train_lr: 1e-06
TORCHFORT::WANDB: model: rlwm, step: 1, actor_loss: -0.232943
TORCHFORT::WANDB: model: rlwm, step: 1, critic_loss: 0.43994
TORCHFORT::WANDB: model: critic_0, step: 3, train_loss: 0.000100642
TORCHFORT::WANDB: model: critic_0, step: 3, train_lr: 1e-06
TORCHFORT::WANDB: model: actor, step: 3, train_loss: 0.218239
TORCHFORT::WANDB: model: actor, step: 3, train_lr: 1e-06
TORCHFORT::WANDB: model: rlwm, step: 2, actor_loss: 0.218239
TORCHFORT::WANDB: model: rlwm, step: 2, critic_loss: 0.000100642
TORCHFORT::WANDB: model: critic_0, step: 4, train_loss: 0.0173958
TORCHFORT::WANDB: model: critic_0, step: 4, train_lr: 9.99999e-07
TORCHFORT::WANDB: model: actor, step: 4, train_loss: -0.231096
TORCHFORT::WANDB: model: actor, step: 4, train_lr: 9.99999e-07
TORCHFORT::WANDB: model: rlwm, step: 2, actor_loss: -0.231096
TORCHFORT::WANDB: model: rlwm, step: 2, critic_loss: 0.0173958
TORCHFORT::WANDB: model: critic_0, step: 5, train_loss: 0.329203
TORCHFORT::WANDB: model: critic_0, step: 5, train_lr: 9.99998e-07
TORCHFORT::WANDB: model: actor, step: 5, train_loss: 0.0527513
TORCHFORT::WANDB: model: actor, step: 5, train_lr: 9.99998e-07
TORCHFORT::WANDB: model: rlwm, step: 3, actor_loss: 0.0527513
TORCHFORT::WANDB: model: rlwm, step: 3, critic_loss: 0.329203
TORCHFORT::WANDB: model: critic_0, step: 6, train_loss: 0.0004313
TORCHFORT::WANDB: model: critic_0, step: 6, train_lr: 9.99998e-07
TORCHFORT::WANDB: model: actor, step: 6, train_loss: 0.139135
TORCHFORT::WANDB: model: actor, step: 6, train_lr: 9.99998e-07
TORCHFORT::WANDB: model: rlwm, step: 3, actor_loss: 0.139135
TORCHFORT::WANDB: model: rlwm, step: 3, critic_loss: 0.0004313
TORCHFORT::WANDB: model: critic_0, step: 7, train_loss: 0.00560829
TORCHFORT::WANDB: model: critic_0, step: 7, train_lr: 9.99996e-07
TORCHFORT::WANDB: model: actor, step: 7, train_loss: 0.166906
TORCHFORT::WANDB: model: actor, step: 7, train_lr: 9.99996e-07
TORCHFORT::WANDB: model: rlwm, step: 4, actor_loss: 0.166906
TORCHFORT::WANDB: model: rlwm, step: 4, critic_loss: 0.00560829
TORCHFORT::WANDB: model: critic_0, step: 8, train_loss: inf
TORCHFORT::WANDB: model: critic_0, step: 8, train_lr: 9.99995e-07
TORCHFORT::WANDB: model: actor, step: 8, train_loss: nan
TORCHFORT::WANDB: model: actor, step: 8, train_lr: 9.99995e-07
TORCHFORT::WANDB: model: rlwm, step: 4, actor_loss: nan
TORCHFORT::WANDB: model: rlwm, step: 4, critic_loss: inf
TORCHFORT::WANDB: model: critic_0, step: 9, train_loss: -nan
TORCHFORT::WANDB: model: critic_0, step: 9, train_lr: 9.99994e-07
TORCHFORT::WANDB: model: actor, step: 9, train_loss: -nan
TORCHFORT::WANDB: model: actor, step: 9, train_lr: 9.99994e-07
TORCHFORT::WANDB: model: rlwm, step: 5, actor_loss: -nan
TORCHFORT::WANDB: model: rlwm, step: 5, critic_loss: -nan
TORCHFORT::WANDB: model: critic_0, step: 10, train_loss: -nan
TORCHFORT::WANDB: model: critic_0, step: 10, train_lr: 9.99992e-07
TORCHFORT::WANDB: model: actor, step: 10, train_loss: nan
TORCHFORT::WANDB: model: actor, step: 10, train_lr: 9.99992e-07
TORCHFORT::WANDB: model: rlwm, step: 5, actor_loss: nan
TORCHFORT::WANDB: model: rlwm, step: 5, critic_loss: -nan
TORCHFORT::WANDB: model: critic_0, step: 11, train_loss: -nan
TORCHFORT::WANDB: model: critic_0, step: 11, train_lr: 9.9999e-07
TORCHFORT::WANDB: model: actor, step: 11, train_loss: nan
TORCHFORT::WANDB: model: actor, step: 11, train_lr: 9.9999e-07
TORCHFORT::WANDB: model: rlwm, step: 6, actor_loss: nan
TORCHFORT::WANDB: model: rlwm, step: 6, critic_loss: -nan
TORCHFORT::WANDB: model: critic_0, step: 12, train_loss: -nan
TORCHFORT::WANDB: model: critic_0, step: 12, train_lr: 9.99988e-07
TORCHFORT::WANDB: model: actor, step: 12, train_loss: nan
TORCHFORT::WANDB: model: actor, step: 12, train_lr: 9.99988e-07
TORCHFORT::WANDB: model: rlwm, step: 6, actor_loss: nan
TORCHFORT::WANDB: model: rlwm, step: 6, critic_loss: -nan
TORCHFORT::WANDB: model: critic_0, step: 1, train_loss: 121821
TORCHFORT::WANDB: model: critic_0, step: 1, train_lr: 1e-06
TORCHFORT::WANDB: model: actor, step: 1, train_loss: 0.445085
TORCHFORT::WANDB: model: actor, step: 1, train_lr: 1e-06
TORCHFORT::WANDB: model: rlwm, step: 1, actor_loss: 0.445085
TORCHFORT::WANDB: model: rlwm, step: 1, critic_loss: 121821
TORCHFORT::WANDB: model: critic_0, step: 2, train_loss: 0.102873
TORCHFORT::WANDB: model: critic_0, step: 2, train_lr: 1e-06
TORCHFORT::WANDB: model: actor, step: 2, train_loss: -0.145373
TORCHFORT::WANDB: model: actor, step: 2, train_lr: 1e-06
TORCHFORT::WANDB: model: rlwm, step: 1, actor_loss: -0.145373
TORCHFORT::WANDB: model: rlwm, step: 1, critic_loss: 0.102873
TORCHFORT::WANDB: model: critic_0, step: 1, train_loss: 0.469097
TORCHFORT::WANDB: model: critic_0, step: 1, train_lr: 1e-06
TORCHFORT::WANDB: model: actor, step: 1, train_loss: 0.107382
TORCHFORT::WANDB: model: actor, step: 1, train_lr: 1e-06
TORCHFORT::WANDB: model: rlwm, step: 1, actor_loss: 0.107382
TORCHFORT::WANDB: model: rlwm, step: 1, critic_loss: 0.469097
TORCHFORT::WANDB: model: critic_0, step: 2, train_loss: 0.0426742
TORCHFORT::WANDB: model: critic_0, step: 2, train_lr: 1e-06
TORCHFORT::WANDB: model: actor, step: 2, train_loss: 0.0734572
TORCHFORT::WANDB: model: actor, step: 2, train_lr: 1e-06
TORCHFORT::WANDB: model: rlwm, step: 1, actor_loss: 0.0734572
TORCHFORT::WANDB: model: rlwm, step: 1, critic_loss: 0.0426742
TORCHFORT::WANDB: model: critic_0, step: 3, train_loss: 0.156603
TORCHFORT::WANDB: model: critic_0, step: 3, train_lr: 1e-06
TORCHFORT::WANDB: model: actor, step: 3, train_loss: 0.103661
TORCHFORT::WANDB: model: actor, step: 3, train_lr: 1e-06
TORCHFORT::WANDB: model: rlwm, step: 2, actor_loss: 0.103661
TORCHFORT::WANDB: model: rlwm, step: 2, critic_loss: 0.156603
TORCHFORT::WANDB: model: critic_0, step: 4, train_loss: 0.0399659
TORCHFORT::WANDB: model: critic_0, step: 4, train_lr: 9.99999e-07
TORCHFORT::WANDB: model: actor, step: 4, train_loss: -0.0938966
TORCHFORT::WANDB: model: actor, step: 4, train_lr: 9.99999e-07
TORCHFORT::WANDB: model: rlwm, step: 2, actor_loss: -0.0938966
TORCHFORT::WANDB: model: rlwm, step: 2, critic_loss: 0.0399659
TORCHFORT::WANDB: model: critic_0, step: 1, train_loss: inf
TORCHFORT::WANDB: model: critic_0, step: 1, train_lr: 1e-06
TORCHFORT::WANDB: model: actor, step: 1, train_loss: 0.375372
TORCHFORT::WANDB: model: actor, step: 1, train_lr: 1e-06
TORCHFORT::WANDB: model: rlwm, step: 1, actor_loss: 0.375372
TORCHFORT::WANDB: model: rlwm, step: 1, critic_loss: inf
TORCHFORT::WANDB: model: critic_0, step: 2, train_loss: nan
TORCHFORT::WANDB: model: critic_0, step: 2, train_lr: 1e-06
TORCHFORT::WANDB: model: actor, step: 2, train_loss: -nan
TORCHFORT::WANDB: model: actor, step: 2, train_lr: 1e-06
TORCHFORT::WANDB: model: rlwm, step: 1, actor_loss: -nan
TORCHFORT::WANDB: model: rlwm, step: 1, critic_loss: nan
TORCHFORT::WANDB: model: critic_0, step: 3, train_loss: nan
TORCHFORT::WANDB: model: critic_0, step: 3, train_lr: 1e-06
TORCHFORT::WANDB: model: actor, step: 3, train_loss: -nan
TORCHFORT::WANDB: model: actor, step: 3, train_lr: 1e-06
TORCHFORT::WANDB: model: rlwm, step: 2, actor_loss: -nan
TORCHFORT::WANDB: model: rlwm, step: 2, critic_loss: nan
TORCHFORT::WANDB: model: critic_0, step: 4, train_loss: -nan
TORCHFORT::WANDB: model: critic_0, step: 4, train_lr: 9.99999e-07
TORCHFORT::WANDB: model: actor, step: 4, train_loss: nan
TORCHFORT::WANDB: model: actor, step: 4, train_lr: 9.99999e-07
TORCHFORT::WANDB: model: rlwm, step: 2, actor_loss: nan
TORCHFORT::WANDB: model: rlwm, step: 2, critic_loss: -nan
TORCHFORT::WANDB: model: critic_0, step: 5, train_loss: -nan
TORCHFORT::WANDB: model: critic_0, step: 5, train_lr: 9.99998e-07
TORCHFORT::WANDB: model: actor, step: 5, train_loss: nan
TORCHFORT::WANDB: model: actor, step: 5, train_lr: 9.99998e-07
TORCHFORT::WANDB: model: rlwm, step: 3, actor_loss: nan
TORCHFORT::WANDB: model: rlwm, step: 3, critic_loss: -nan
TORCHFORT::WANDB: model: critic_0, step: 6, train_loss: -nan
TORCHFORT::WANDB: model: critic_0, step: 6, train_lr: 9.99998e-07
TORCHFORT::WANDB: model: actor, step: 6, train_loss: nan
TORCHFORT::WANDB: model: actor, step: 6, train_lr: 9.99998e-07
TORCHFORT::WANDB: model: rlwm, step: 3, actor_loss: nan
TORCHFORT::WANDB: model: rlwm, step: 3, critic_loss: -nan
TORCHFORT::WANDB: model: critic_0, step: 1, train_loss: 0.210326
TORCHFORT::WANDB: model: critic_0, step: 1, train_lr: 1e-06
TORCHFORT::WANDB: model: actor, step: 1, train_loss: 0.0844139
TORCHFORT::WANDB: model: actor, step: 1, train_lr: 1e-06
TORCHFORT::WANDB: model: rlwm, step: 1, actor_loss: 0.0844139
TORCHFORT::WANDB: model: rlwm, step: 1, critic_loss: 0.210326
TORCHFORT::WANDB: model: critic_0, step: 2, train_loss: 0.0253449
TORCHFORT::WANDB: model: critic_0, step: 2, train_lr: 1e-06
TORCHFORT::WANDB: model: actor, step: 2, train_loss: -0.167509
TORCHFORT::WANDB: model: actor, step: 2, train_lr: 1e-06
TORCHFORT::WANDB: model: rlwm, step: 1, actor_loss: -0.167509
TORCHFORT::WANDB: model: rlwm, step: 1, critic_loss: 0.0253449
TORCHFORT::WANDB: model: critic_0, step: 3, train_loss: 0.130033
TORCHFORT::WANDB: model: critic_0, step: 3, train_lr: 1e-06
TORCHFORT::WANDB: model: actor, step: 3, train_loss: -0.156938
TORCHFORT::WANDB: model: actor, step: 3, train_lr: 1e-06
TORCHFORT::WANDB: model: rlwm, step: 2, actor_loss: -0.156938
TORCHFORT::WANDB: model: rlwm, step: 2, critic_loss: 0.130033
TORCHFORT::WANDB: model: critic_0, step: 4, train_loss: 0.0633174
TORCHFORT::WANDB: model: critic_0, step: 4, train_lr: 9.99999e-07
TORCHFORT::WANDB: model: actor, step: 4, train_loss: -0.153343
TORCHFORT::WANDB: model: actor, step: 4, train_lr: 9.99999e-07
TORCHFORT::WANDB: model: rlwm, step: 2, actor_loss: -0.153343
TORCHFORT::WANDB: model: rlwm, step: 2, critic_loss: 0.0633174
TORCHFORT::WANDB: model: critic_0, step: 1, train_loss: 0.313897
TORCHFORT::WANDB: model: critic_0, step: 1, train_lr: 1e-06
TORCHFORT::WANDB: model: actor, step: 1, train_loss: -0.0709072
TORCHFORT::WANDB: model: actor, step: 1, train_lr: 1e-06
TORCHFORT::WANDB: model: rlwm, step: 1, actor_loss: -0.0709072
TORCHFORT::WANDB: model: rlwm, step: 1, critic_loss: 0.313897
TORCHFORT::WANDB: model: critic_0, step: 2, train_loss: -nan
TORCHFORT::WANDB: model: critic_0, step: 2, train_lr: 1e-06
TORCHFORT::WANDB: model: actor, step: 2, train_loss: nan
TORCHFORT::WANDB: model: actor, step: 2, train_lr: 1e-06
TORCHFORT::WANDB: model: rlwm, step: 1, actor_loss: nan
TORCHFORT::WANDB: model: rlwm, step: 1, critic_loss: -nan
TORCHFORT::WANDB: model: critic_0, step: 3, train_loss: -nan
TORCHFORT::WANDB: model: critic_0, step: 3, train_lr: 1e-06
TORCHFORT::WANDB: model: actor, step: 3, train_loss: -nan
TORCHFORT::WANDB: model: actor, step: 3, train_lr: 1e-06
TORCHFORT::WANDB: model: rlwm, step: 2, actor_loss: -nan
TORCHFORT::WANDB: model: rlwm, step: 2, critic_loss: -nan
TORCHFORT::WANDB: model: critic_0, step: 4, train_loss: -nan
TORCHFORT::WANDB: model: critic_0, step: 4, train_lr: 9.99999e-07
TORCHFORT::WANDB: model: actor, step: 4, train_loss: nan
TORCHFORT::WANDB: model: actor, step: 4, train_lr: 9.99999e-07
TORCHFORT::WANDB: model: rlwm, step: 2, actor_loss: nan
TORCHFORT::WANDB: model: rlwm, step: 2, critic_loss: -nan
TORCHFORT::WANDB: model: critic_0, step: 5, train_loss: -nan
TORCHFORT::WANDB: model: critic_0, step: 5, train_lr: 9.99998e-07
TORCHFORT::WANDB: model: actor, step: 5, train_loss: nan
TORCHFORT::WANDB: model: actor, step: 5, train_lr: 9.99998e-07
TORCHFORT::WANDB: model: rlwm, step: 3, actor_loss: nan
TORCHFORT::WANDB: model: rlwm, step: 3, critic_loss: -nan
TORCHFORT::WANDB: model: critic_0, step: 6, train_loss: -nan
TORCHFORT::WANDB: model: critic_0, step: 6, train_lr: 9.99998e-07
TORCHFORT::WANDB: model: actor, step: 6, train_loss: nan
TORCHFORT::WANDB: model: actor, step: 6, train_lr: 9.99998e-07
TORCHFORT::WANDB: model: rlwm, step: 3, actor_loss: nan
TORCHFORT::WANDB: model: rlwm, step: 3, critic_loss: -nan
TORCHFORT::WANDB: model: critic_0, step: 1, train_loss: 0.0795659
TORCHFORT::WANDB: model: critic_0, step: 1, train_lr: 1e-06
TORCHFORT::WANDB: model: actor, step: 1, train_loss: -0.0649699
TORCHFORT::WANDB: model: actor, step: 1, train_lr: 1e-06
TORCHFORT::WANDB: model: rlwm, step: 1, actor_loss: -0.0649699
TORCHFORT::WANDB: model: rlwm, step: 1, critic_loss: 0.0795659
TORCHFORT::WANDB: model: critic_0, step: 2, train_loss: -nan
TORCHFORT::WANDB: model: critic_0, step: 2, train_lr: 1e-06
TORCHFORT::WANDB: model: actor, step: 2, train_loss: nan
TORCHFORT::WANDB: model: actor, step: 2, train_lr: 1e-06
TORCHFORT::WANDB: model: rlwm, step: 1, actor_loss: nan
TORCHFORT::WANDB: model: rlwm, step: 1, critic_loss: -nan
TORCHFORT::WANDB: model: critic_0, step: 1, train_loss: 2.3915e+11
TORCHFORT::WANDB: model: critic_0, step: 1, train_lr: 1e-06
TORCHFORT::WANDB: model: actor, step: 1, train_loss: 0.401498
TORCHFORT::WANDB: model: actor, step: 1, train_lr: 1e-06
TORCHFORT::WANDB: model: rlwm, step: 1, actor_loss: 0.401498
TORCHFORT::WANDB: model: rlwm, step: 1, critic_loss: 2.3915e+11
TORCHFORT::WANDB: model: critic_0, step: 2, train_loss: -nan
TORCHFORT::WANDB: model: critic_0, step: 2, train_lr: 1e-06
TORCHFORT::WANDB: model: actor, step: 2, train_loss: nan
TORCHFORT::WANDB: model: actor, step: 2, train_lr: 1e-06
TORCHFORT::WANDB: model: rlwm, step: 1, actor_loss: nan
TORCHFORT::WANDB: model: rlwm, step: 1, critic_loss: -nan
TORCHFORT::WANDB: model: critic_0, step: 1, train_loss: 2.47362e+32
TORCHFORT::WANDB: model: critic_0, step: 1, train_lr: 1e-06
TORCHFORT::WANDB: model: actor, step: 1, train_loss: -0.518805
TORCHFORT::WANDB: model: actor, step: 1, train_lr: 1e-06
TORCHFORT::WANDB: model: rlwm, step: 1, actor_loss: -0.518805
TORCHFORT::WANDB: model: rlwm, step: 1, critic_loss: 2.47362e+32
TORCHFORT::WANDB: model: critic_0, step: 2, train_loss: -nan
TORCHFORT::WANDB: model: critic_0, step: 2, train_lr: 1e-06
TORCHFORT::WANDB: model: actor, step: 2, train_loss: nan
TORCHFORT::WANDB: model: actor, step: 2, train_lr: 1e-06
TORCHFORT::WANDB: model: rlwm, step: 1, actor_loss: nan
TORCHFORT::WANDB: model: rlwm, step: 1, critic_loss: -nan
TORCHFORT::WANDB: model: critic_0, step: 1, train_loss: 0.0108456
TORCHFORT::WANDB: model: critic_0, step: 1, train_lr: 1e-06
TORCHFORT::WANDB: model: actor, step: 1, train_loss: -0.0649357
TORCHFORT::WANDB: model: actor, step: 1, train_lr: 1e-06
TORCHFORT::WANDB: model: rlwm, step: 1, actor_loss: -0.0649357
TORCHFORT::WANDB: model: rlwm, step: 1, critic_loss: 0.0108456
TORCHFORT::WANDB: model: critic_0, step: 2, train_loss: -nan
TORCHFORT::WANDB: model: critic_0, step: 2, train_lr: 1e-06
TORCHFORT::WANDB: model: actor, step: 2, train_loss: nan
TORCHFORT::WANDB: model: actor, step: 2, train_lr: 1e-06
TORCHFORT::WANDB: model: rlwm, step: 1, actor_loss: nan
TORCHFORT::WANDB: model: rlwm, step: 1, critic_loss: -nan
TORCHFORT::WANDB: model: critic_0, step: 1, train_loss: 0.16062
TORCHFORT::WANDB: model: critic_0, step: 1, train_lr: 1e-06
TORCHFORT::WANDB: model: actor, step: 1, train_loss: -0.0711153
TORCHFORT::WANDB: model: actor, step: 1, train_lr: 1e-06
TORCHFORT::WANDB: model: rlwm, step: 1, actor_loss: -0.0711153
TORCHFORT::WANDB: model: rlwm, step: 1, critic_loss: 0.16062
TORCHFORT::WANDB: model: critic_0, step: 2, train_loss: -nan
TORCHFORT::WANDB: model: critic_0, step: 2, train_lr: 1e-06
TORCHFORT::WANDB: model: actor, step: 2, train_loss: nan
TORCHFORT::WANDB: model: actor, step: 2, train_lr: 1e-06
TORCHFORT::WANDB: model: rlwm, step: 1, actor_loss: nan
TORCHFORT::WANDB: model: rlwm, step: 1, critic_loss: -nan
TORCHFORT::WANDB: model: critic_0, step: 1, train_loss: inf
TORCHFORT::WANDB: model: critic_0, step: 1, train_lr: 1e-06
TORCHFORT::WANDB: model: actor, step: 1, train_loss: 0.0679188
TORCHFORT::WANDB: model: actor, step: 1, train_lr: 1e-06
TORCHFORT::WANDB: model: rlwm, step: 1, actor_loss: 0.0679188
TORCHFORT::WANDB: model: rlwm, step: 1, critic_loss: inf
TORCHFORT::WANDB: model: critic_0, step: 2, train_loss: -nan
TORCHFORT::WANDB: model: critic_0, step: 2, train_lr: 1e-06
TORCHFORT::WANDB: model: actor, step: 2, train_loss: nan
TORCHFORT::WANDB: model: actor, step: 2, train_lr: 1e-06
TORCHFORT::WANDB: model: rlwm, step: 1, actor_loss: nan
TORCHFORT::WANDB: model: rlwm, step: 1, critic_loss: -nan
TORCHFORT::WANDB: model: critic_0, step: 1, train_loss: 0.0441073
TORCHFORT::WANDB: model: critic_0, step: 1, train_lr: 1e-06
TORCHFORT::WANDB: model: actor, step: 1, train_loss: -0.0670391
TORCHFORT::WANDB: model: actor, step: 1, train_lr: 1e-06
TORCHFORT::WANDB: model: rlwm, step: 1, actor_loss: -0.0670391
TORCHFORT::WANDB: model: rlwm, step: 1, critic_loss: 0.0441073
TORCHFORT::WANDB: model: critic_0, step: 2, train_loss: -nan
TORCHFORT::WANDB: model: critic_0, step: 2, train_lr: 1e-06
TORCHFORT::WANDB: model: actor, step: 2, train_loss: nan
TORCHFORT::WANDB: model: actor, step: 2, train_lr: 1e-06
TORCHFORT::WANDB: model: rlwm, step: 1, actor_loss: nan
TORCHFORT::WANDB: model: rlwm, step: 1, critic_loss: -nan
TORCHFORT::WANDB: model: critic_0, step: 1, train_loss: 0.0641929
TORCHFORT::WANDB: model: critic_0, step: 1, train_lr: 1e-06
TORCHFORT::WANDB: model: actor, step: 1, train_loss: -0.0604534
TORCHFORT::WANDB: model: actor, step: 1, train_lr: 1e-06
TORCHFORT::WANDB: model: rlwm, step: 1, actor_loss: -0.0604534
TORCHFORT::WANDB: model: rlwm, step: 1, critic_loss: 0.0641929
TORCHFORT::WANDB: model: critic_0, step: 2, train_loss: -nan
TORCHFORT::WANDB: model: critic_0, step: 2, train_lr: 1e-06
TORCHFORT::WANDB: model: actor, step: 2, train_loss: nan
TORCHFORT::WANDB: model: actor, step: 2, train_lr: 1e-06
TORCHFORT::WANDB: model: rlwm, step: 1, actor_loss: nan
TORCHFORT::WANDB: model: rlwm, step: 1, critic_loss: -nan
TORCHFORT::WANDB: model: critic_0, step: 1, train_loss: 0.106021
TORCHFORT::WANDB: model: critic_0, step: 1, train_lr: 1e-06
TORCHFORT::WANDB: model: actor, step: 1, train_loss: -0.0696585
TORCHFORT::WANDB: model: actor, step: 1, train_lr: 1e-06
TORCHFORT::WANDB: model: rlwm, step: 1, actor_loss: -0.0696585
TORCHFORT::WANDB: model: rlwm, step: 1, critic_loss: 0.106021
TORCHFORT::WANDB: model: critic_0, step: 2, train_loss: -nan
TORCHFORT::WANDB: model: critic_0, step: 2, train_lr: 1e-06
TORCHFORT::WANDB: model: actor, step: 2, train_loss: nan
TORCHFORT::WANDB: model: actor, step: 2, train_lr: 1e-06
TORCHFORT::WANDB: model: rlwm, step: 1, actor_loss: nan
TORCHFORT::WANDB: model: rlwm, step: 1, critic_loss: -nan
TORCHFORT::WANDB: model: critic_0, step: 3, train_loss: -nan
TORCHFORT::WANDB: model: critic_0, step: 3, train_lr: 1e-06
TORCHFORT::WANDB: model: actor, step: 3, train_loss: nan
TORCHFORT::WANDB: model: actor, step: 3, train_lr: 1e-06
TORCHFORT::WANDB: model: rlwm, step: 2, actor_loss: nan
TORCHFORT::WANDB: model: rlwm, step: 2, critic_loss: -nan
TORCHFORT::WANDB: model: critic_0, step: 4, train_loss: -nan
TORCHFORT::WANDB: model: critic_0, step: 4, train_lr: 9.99999e-07
TORCHFORT::WANDB: model: actor, step: 4, train_loss: -nan
TORCHFORT::WANDB: model: actor, step: 4, train_lr: 9.99999e-07
TORCHFORT::WANDB: model: rlwm, step: 2, actor_loss: -nan
TORCHFORT::WANDB: model: rlwm, step: 2, critic_loss: -nan
TORCHFORT::WANDB: model: critic_0, step: 5, train_loss: -nan
TORCHFORT::WANDB: model: critic_0, step: 5, train_lr: 9.99998e-07
TORCHFORT::WANDB: model: actor, step: 5, train_loss: -nan
TORCHFORT::WANDB: model: actor, step: 5, train_lr: 9.99998e-07
TORCHFORT::WANDB: model: rlwm, step: 3, actor_loss: -nan
TORCHFORT::WANDB: model: rlwm, step: 3, critic_loss: -nan
TORCHFORT::WANDB: model: critic_0, step: 6, train_loss: -nan
TORCHFORT::WANDB: model: critic_0, step: 6, train_lr: 9.99998e-07
TORCHFORT::WANDB: model: actor, step: 6, train_loss: -nan
TORCHFORT::WANDB: model: actor, step: 6, train_lr: 9.99998e-07
TORCHFORT::WANDB: model: rlwm, step: 3, actor_loss: -nan
TORCHFORT::WANDB: model: rlwm, step: 3, critic_loss: -nan
TORCHFORT::WANDB: model: critic_0, step: 1, train_loss: 1.77589e+16
TORCHFORT::WANDB: model: critic_0, step: 1, train_lr: 1e-06
TORCHFORT::WANDB: model: actor, step: 1, train_loss: -0.168219
TORCHFORT::WANDB: model: actor, step: 1, train_lr: 1e-06
TORCHFORT::WANDB: model: rlwm, step: 1, actor_loss: -0.168219
TORCHFORT::WANDB: model: rlwm, step: 1, critic_loss: 1.77589e+16
TORCHFORT::WANDB: model: critic_0, step: 2, train_loss: -nan
TORCHFORT::WANDB: model: critic_0, step: 2, train_lr: 1e-06
TORCHFORT::WANDB: model: actor, step: 2, train_loss: nan
TORCHFORT::WANDB: model: actor, step: 2, train_lr: 1e-06
TORCHFORT::WANDB: model: rlwm, step: 1, actor_loss: nan
TORCHFORT::WANDB: model: rlwm, step: 1, critic_loss: -nan
TORCHFORT::WANDB: model: critic_0, step: 3, train_loss: -nan
TORCHFORT::WANDB: model: critic_0, step: 3, train_lr: 1e-06
TORCHFORT::WANDB: model: actor, step: 3, train_loss: nan
TORCHFORT::WANDB: model: actor, step: 3, train_lr: 1e-06
TORCHFORT::WANDB: model: rlwm, step: 2, actor_loss: nan
TORCHFORT::WANDB: model: rlwm, step: 2, critic_loss: -nan
TORCHFORT::WANDB: model: critic_0, step: 4, train_loss: -nan
TORCHFORT::WANDB: model: critic_0, step: 4, train_lr: 9.99999e-07
TORCHFORT::WANDB: model: actor, step: 4, train_loss: nan
TORCHFORT::WANDB: model: actor, step: 4, train_lr: 9.99999e-07
TORCHFORT::WANDB: model: rlwm, step: 2, actor_loss: nan
TORCHFORT::WANDB: model: rlwm, step: 2, critic_loss: -nan
TORCHFORT::WANDB: model: critic_0, step: 1, train_loss: 1.83941e+16
TORCHFORT::WANDB: model: critic_0, step: 1, train_lr: 1e-06
TORCHFORT::WANDB: model: actor, step: 1, train_loss: -0.186626
TORCHFORT::WANDB: model: actor, step: 1, train_lr: 1e-06
TORCHFORT::WANDB: model: rlwm, step: 1, actor_loss: -0.186626
TORCHFORT::WANDB: model: rlwm, step: 1, critic_loss: 1.83941e+16
TORCHFORT::WANDB: model: critic_0, step: 2, train_loss: 3.41708e-07
TORCHFORT::WANDB: model: critic_0, step: 2, train_lr: 1e-06
TORCHFORT::WANDB: model: actor, step: 2, train_loss: -0.215147
TORCHFORT::WANDB: model: actor, step: 2, train_lr: 1e-06
TORCHFORT::WANDB: model: rlwm, step: 1, actor_loss: -0.215147
TORCHFORT::WANDB: model: rlwm, step: 1, critic_loss: 3.41708e-07
TORCHFORT::WANDB: model: critic_0, step: 3, train_loss: 0.558453
TORCHFORT::WANDB: model: critic_0, step: 3, train_lr: 1e-06
TORCHFORT::WANDB: model: actor, step: 3, train_loss: -0.172383
TORCHFORT::WANDB: model: actor, step: 3, train_lr: 1e-06
TORCHFORT::WANDB: model: rlwm, step: 2, actor_loss: -0.172383
TORCHFORT::WANDB: model: rlwm, step: 2, critic_loss: 0.558453
TORCHFORT::WANDB: model: critic_0, step: 4, train_loss: 0.121597
TORCHFORT::WANDB: model: critic_0, step: 4, train_lr: 9.99999e-07
TORCHFORT::WANDB: model: actor, step: 4, train_loss: -0.148822
TORCHFORT::WANDB: model: actor, step: 4, train_lr: 9.99999e-07
TORCHFORT::WANDB: model: rlwm, step: 2, actor_loss: -0.148822
TORCHFORT::WANDB: model: rlwm, step: 2, critic_loss: 0.121597
TORCHFORT::WANDB: model: critic_0, step: 5, train_loss: 4.92458e-05
TORCHFORT::WANDB: model: critic_0, step: 5, train_lr: 9.99998e-07
TORCHFORT::WANDB: model: actor, step: 5, train_loss: -0.161449
TORCHFORT::WANDB: model: actor, step: 5, train_lr: 9.99998e-07
TORCHFORT::WANDB: model: rlwm, step: 3, actor_loss: -0.161449
TORCHFORT::WANDB: model: rlwm, step: 3, critic_loss: 4.92458e-05
TORCHFORT::WANDB: model: critic_0, step: 6, train_loss: 0.0643035
TORCHFORT::WANDB: model: critic_0, step: 6, train_lr: 9.99998e-07
TORCHFORT::WANDB: model: actor, step: 6, train_loss: -0.131088
TORCHFORT::WANDB: model: actor, step: 6, train_lr: 9.99998e-07
TORCHFORT::WANDB: model: rlwm, step: 3, actor_loss: -0.131088
TORCHFORT::WANDB: model: rlwm, step: 3, critic_loss: 0.0643035
TORCHFORT::WANDB: model: critic_0, step: 1, train_loss: 2.38918e+14
TORCHFORT::WANDB: model: critic_0, step: 1, train_lr: 1e-06
TORCHFORT::WANDB: model: actor, step: 1, train_loss: -0.0873508
TORCHFORT::WANDB: model: actor, step: 1, train_lr: 1e-06
TORCHFORT::WANDB: model: rlwm, step: 1, actor_loss: -0.0873508
TORCHFORT::WANDB: model: rlwm, step: 1, critic_loss: 2.38918e+14
TORCHFORT::WANDB: model: critic_0, step: 2, train_loss: 0.0116458
TORCHFORT::WANDB: model: critic_0, step: 2, train_lr: 1e-06
TORCHFORT::WANDB: model: actor, step: 2, train_loss: -0.0922661
TORCHFORT::WANDB: model: actor, step: 2, train_lr: 1e-06
TORCHFORT::WANDB: model: rlwm, step: 1, actor_loss: -0.0922661
TORCHFORT::WANDB: model: rlwm, step: 1, critic_loss: 0.0116458
TORCHFORT::WANDB: model: critic_0, step: 3, train_loss: 0.000349934
TORCHFORT::WANDB: model: critic_0, step: 3, train_lr: 1e-06
TORCHFORT::WANDB: model: actor, step: 3, train_loss: -0.116888
TORCHFORT::WANDB: model: actor, step: 3, train_lr: 1e-06
TORCHFORT::WANDB: model: rlwm, step: 2, actor_loss: -0.116888
TORCHFORT::WANDB: model: rlwm, step: 2, critic_loss: 0.000349934
TORCHFORT::WANDB: model: critic_0, step: 4, train_loss: 0.0128716
TORCHFORT::WANDB: model: critic_0, step: 4, train_lr: 9.99999e-07
TORCHFORT::WANDB: model: actor, step: 4, train_loss: -0.087498
TORCHFORT::WANDB: model: actor, step: 4, train_lr: 9.99999e-07
TORCHFORT::WANDB: model: rlwm, step: 2, actor_loss: -0.087498
TORCHFORT::WANDB: model: rlwm, step: 2, critic_loss: 0.0128716
TORCHFORT::WANDB: model: critic_0, step: 5, train_loss: 0.00859745
TORCHFORT::WANDB: model: critic_0, step: 5, train_lr: 9.99998e-07
TORCHFORT::WANDB: model: actor, step: 5, train_loss: -0.0880802
TORCHFORT::WANDB: model: actor, step: 5, train_lr: 9.99998e-07
TORCHFORT::WANDB: model: rlwm, step: 3, actor_loss: -0.0880802
TORCHFORT::WANDB: model: rlwm, step: 3, critic_loss: 0.00859745
TORCHFORT::WANDB: model: critic_0, step: 6, train_loss: 0.00798438
TORCHFORT::WANDB: model: critic_0, step: 6, train_lr: 9.99998e-07
TORCHFORT::WANDB: model: actor, step: 6, train_loss: -0.213242
TORCHFORT::WANDB: model: actor, step: 6, train_lr: 9.99998e-07
TORCHFORT::WANDB: model: rlwm, step: 3, actor_loss: -0.213242
TORCHFORT::WANDB: model: rlwm, step: 3, critic_loss: 0.00798438
TORCHFORT::WANDB: model: critic_0, step: 1, train_loss: inf
TORCHFORT::WANDB: model: critic_0, step: 1, train_lr: 1e-06
TORCHFORT::WANDB: model: actor, step: 1, train_loss: -0.0617724
TORCHFORT::WANDB: model: actor, step: 1, train_lr: 1e-06
TORCHFORT::WANDB: model: rlwm, step: 1, actor_loss: -0.0617724
TORCHFORT::WANDB: model: rlwm, step: 1, critic_loss: inf
TORCHFORT::WANDB: model: critic_0, step: 2, train_loss: inf
TORCHFORT::WANDB: model: critic_0, step: 2, train_lr: 1e-06
TORCHFORT::WANDB: model: actor, step: 2, train_loss: 0.0526564
TORCHFORT::WANDB: model: actor, step: 2, train_lr: 1e-06
TORCHFORT::WANDB: model: rlwm, step: 1, actor_loss: 0.0526564
TORCHFORT::WANDB: model: rlwm, step: 1, critic_loss: inf
TORCHFORT::WANDB: model: critic_0, step: 3, train_loss: inf
TORCHFORT::WANDB: model: critic_0, step: 3, train_lr: 1e-06
TORCHFORT::WANDB: model: actor, step: 3, train_loss: -0.10769
TORCHFORT::WANDB: model: actor, step: 3, train_lr: 1e-06
TORCHFORT::WANDB: model: rlwm, step: 2, actor_loss: -0.10769
TORCHFORT::WANDB: model: rlwm, step: 2, critic_loss: inf
TORCHFORT::WANDB: model: critic_0, step: 4, train_loss: 1.34532
TORCHFORT::WANDB: model: critic_0, step: 4, train_lr: 9.99999e-07
TORCHFORT::WANDB: model: actor, step: 4, train_loss: -0.111876
TORCHFORT::WANDB: model: actor, step: 4, train_lr: 9.99999e-07
TORCHFORT::WANDB: model: rlwm, step: 2, actor_loss: -0.111876
TORCHFORT::WANDB: model: rlwm, step: 2, critic_loss: 1.34532
TORCHFORT::WANDB: model: critic_0, step: 5, train_loss: 1.53104e+10
TORCHFORT::WANDB: model: critic_0, step: 5, train_lr: 9.99998e-07
TORCHFORT::WANDB: model: actor, step: 5, train_loss: -0.0484081
TORCHFORT::WANDB: model: actor, step: 5, train_lr: 9.99998e-07
TORCHFORT::WANDB: model: rlwm, step: 3, actor_loss: -0.0484081
TORCHFORT::WANDB: model: rlwm, step: 3, critic_loss: 1.53104e+10
TORCHFORT::WANDB: model: critic_0, step: 6, train_loss: 3.59635
TORCHFORT::WANDB: model: critic_0, step: 6, train_lr: 9.99998e-07
TORCHFORT::WANDB: model: actor, step: 6, train_loss: -0.112663
TORCHFORT::WANDB: model: actor, step: 6, train_lr: 9.99998e-07
TORCHFORT::WANDB: model: rlwm, step: 3, actor_loss: -0.112663
TORCHFORT::WANDB: model: rlwm, step: 3, critic_loss: 3.59635
TORCHFORT::WANDB: model: critic_0, step: 7, train_loss: 1.53105e+10
TORCHFORT::WANDB: model: critic_0, step: 7, train_lr: 9.99996e-07
TORCHFORT::WANDB: model: actor, step: 7, train_loss: 0.0651558
TORCHFORT::WANDB: model: actor, step: 7, train_lr: 9.99996e-07
TORCHFORT::WANDB: model: rlwm, step: 4, actor_loss: 0.0651558
TORCHFORT::WANDB: model: rlwm, step: 4, critic_loss: 1.53105e+10
TORCHFORT::WANDB: model: critic_0, step: 8, train_loss: inf
TORCHFORT::WANDB: model: critic_0, step: 8, train_lr: 9.99995e-07
TORCHFORT::WANDB: model: actor, step: 8, train_loss: -0.107132
TORCHFORT::WANDB: model: actor, step: 8, train_lr: 9.99995e-07
TORCHFORT::WANDB: model: rlwm, step: 4, actor_loss: -0.107132
TORCHFORT::WANDB: model: rlwm, step: 4, critic_loss: inf
TORCHFORT::WANDB: model: critic_0, step: 9, train_loss: inf
TORCHFORT::WANDB: model: critic_0, step: 9, train_lr: 9.99994e-07
TORCHFORT::WANDB: model: actor, step: 9, train_loss: nan
TORCHFORT::WANDB: model: actor, step: 9, train_lr: 9.99994e-07
TORCHFORT::WANDB: model: rlwm, step: 5, actor_loss: nan
TORCHFORT::WANDB: model: rlwm, step: 5, critic_loss: inf
TORCHFORT::WANDB: model: critic_0, step: 10, train_loss: -nan
TORCHFORT::WANDB: model: critic_0, step: 10, train_lr: 9.99992e-07
TORCHFORT::WANDB: model: actor, step: 10, train_loss: nan
TORCHFORT::WANDB: model: actor, step: 10, train_lr: 9.99992e-07
TORCHFORT::WANDB: model: rlwm, step: 5, actor_loss: nan
TORCHFORT::WANDB: model: rlwm, step: 5, critic_loss: -nan
TORCHFORT::WANDB: model: critic_0, step: 11, train_loss: -nan
TORCHFORT::WANDB: model: critic_0, step: 11, train_lr: 9.9999e-07
TORCHFORT::WANDB: model: actor, step: 11, train_loss: nan
TORCHFORT::WANDB: model: actor, step: 11, train_lr: 9.9999e-07
TORCHFORT::WANDB: model: rlwm, step: 6, actor_loss: nan
TORCHFORT::WANDB: model: rlwm, step: 6, critic_loss: -nan
TORCHFORT::WANDB: model: critic_0, step: 12, train_loss: -nan
TORCHFORT::WANDB: model: critic_0, step: 12, train_lr: 9.99988e-07
TORCHFORT::WANDB: model: actor, step: 12, train_loss: nan
TORCHFORT::WANDB: model: actor, step: 12, train_lr: 9.99988e-07
TORCHFORT::WANDB: model: rlwm, step: 6, actor_loss: nan
TORCHFORT::WANDB: model: rlwm, step: 6, critic_loss: -nan
TORCHFORT::WANDB: model: critic_0, step: 13, train_loss: -nan
TORCHFORT::WANDB: model: critic_0, step: 13, train_lr: 9.99986e-07
TORCHFORT::WANDB: model: actor, step: 13, train_loss: nan
TORCHFORT::WANDB: model: actor, step: 13, train_lr: 9.99986e-07
TORCHFORT::WANDB: model: rlwm, step: 7, actor_loss: nan
TORCHFORT::WANDB: model: rlwm, step: 7, critic_loss: -nan
TORCHFORT::WANDB: model: critic_0, step: 14, train_loss: -nan
TORCHFORT::WANDB: model: critic_0, step: 14, train_lr: 9.99983e-07
TORCHFORT::WANDB: model: actor, step: 14, train_loss: nan
TORCHFORT::WANDB: model: actor, step: 14, train_lr: 9.99983e-07
TORCHFORT::WANDB: model: rlwm, step: 7, actor_loss: nan
TORCHFORT::WANDB: model: rlwm, step: 7, critic_loss: -nan
TORCHFORT::WANDB: model: critic_0, step: 15, train_loss: -nan
TORCHFORT::WANDB: model: critic_0, step: 15, train_lr: 9.99981e-07
TORCHFORT::WANDB: model: actor, step: 15, train_loss: nan
TORCHFORT::WANDB: model: actor, step: 15, train_lr: 9.99981e-07
TORCHFORT::WANDB: model: rlwm, step: 8, actor_loss: nan
TORCHFORT::WANDB: model: rlwm, step: 8, critic_loss: -nan
TORCHFORT::WANDB: model: critic_0, step: 16, train_loss: -nan
TORCHFORT::WANDB: model: critic_0, step: 16, train_lr: 9.99978e-07
TORCHFORT::WANDB: model: actor, step: 16, train_loss: nan
TORCHFORT::WANDB: model: actor, step: 16, train_lr: 9.99978e-07
TORCHFORT::WANDB: model: rlwm, step: 8, actor_loss: nan
TORCHFORT::WANDB: model: rlwm, step: 8, critic_loss: -nan
TORCHFORT::WANDB: model: critic_0, step: 17, train_loss: -nan
TORCHFORT::WANDB: model: critic_0, step: 17, train_lr: 9.99975e-07
TORCHFORT::WANDB: model: actor, step: 17, train_loss: nan
TORCHFORT::WANDB: model: actor, step: 17, train_lr: 9.99975e-07
TORCHFORT::WANDB: model: rlwm, step: 9, actor_loss: nan
TORCHFORT::WANDB: model: rlwm, step: 9, critic_loss: -nan
TORCHFORT::WANDB: model: critic_0, step: 18, train_loss: -nan
TORCHFORT::WANDB: model: critic_0, step: 18, train_lr: 9.99971e-07
TORCHFORT::WANDB: model: actor, step: 18, train_loss: nan
TORCHFORT::WANDB: model: actor, step: 18, train_lr: 9.99971e-07
TORCHFORT::WANDB: model: rlwm, step: 9, actor_loss: nan
TORCHFORT::WANDB: model: rlwm, step: 9, critic_loss: -nan
TORCHFORT::WANDB: model: critic_0, step: 19, train_loss: -nan
TORCHFORT::WANDB: model: critic_0, step: 19, train_lr: 9.99968e-07
TORCHFORT::WANDB: model: actor, step: 19, train_loss: nan
TORCHFORT::WANDB: model: actor, step: 19, train_lr: 9.99968e-07
TORCHFORT::WANDB: model: rlwm, step: 10, actor_loss: nan
TORCHFORT::WANDB: model: rlwm, step: 10, critic_loss: -nan
TORCHFORT::WANDB: model: critic_0, step: 20, train_loss: -nan
TORCHFORT::WANDB: model: critic_0, step: 20, train_lr: 9.99964e-07
TORCHFORT::WANDB: model: actor, step: 20, train_loss: nan
TORCHFORT::WANDB: model: actor, step: 20, train_lr: 9.99964e-07
TORCHFORT::WANDB: model: rlwm, step: 10, actor_loss: nan
TORCHFORT::WANDB: model: rlwm, step: 10, critic_loss: -nan
TORCHFORT::WANDB: model: critic_0, step: 21, train_loss: -nan
TORCHFORT::WANDB: model: critic_0, step: 21, train_lr: 9.99961e-07
TORCHFORT::WANDB: model: actor, step: 21, train_loss: nan
TORCHFORT::WANDB: model: actor, step: 21, train_lr: 9.99961e-07
TORCHFORT::WANDB: model: rlwm, step: 11, actor_loss: nan
TORCHFORT::WANDB: model: rlwm, step: 11, critic_loss: -nan
TORCHFORT::WANDB: model: critic_0, step: 22, train_loss: -nan
TORCHFORT::WANDB: model: critic_0, step: 22, train_lr: 9.99956e-07
TORCHFORT::WANDB: model: actor, step: 22, train_loss: nan
TORCHFORT::WANDB: model: actor, step: 22, train_lr: 9.99956e-07
TORCHFORT::WANDB: model: rlwm, step: 11, actor_loss: nan
TORCHFORT::WANDB: model: rlwm, step: 11, critic_loss: -nan
TORCHFORT::WANDB: model: critic_0, step: 23, train_loss: -nan
TORCHFORT::WANDB: model: critic_0, step: 23, train_lr: 9.99952e-07
TORCHFORT::WANDB: model: actor, step: 23, train_loss: nan
TORCHFORT::WANDB: model: actor, step: 23, train_lr: 9.99952e-07
TORCHFORT::WANDB: model: rlwm, step: 12, actor_loss: nan
TORCHFORT::WANDB: model: rlwm, step: 12, critic_loss: -nan
TORCHFORT::WANDB: model: critic_0, step: 1, train_loss: inf
TORCHFORT::WANDB: model: critic_0, step: 1, train_lr: 1e-06
TORCHFORT::WANDB: model: actor, step: 1, train_loss: -0.149459
TORCHFORT::WANDB: model: actor, step: 1, train_lr: 1e-06
TORCHFORT::WANDB: model: rlwm, step: 1, actor_loss: -0.149459
TORCHFORT::WANDB: model: rlwm, step: 1, critic_loss: inf
TORCHFORT::WANDB: model: critic_0, step: 2, train_loss: inf
TORCHFORT::WANDB: model: critic_0, step: 2, train_lr: 1e-06
TORCHFORT::WANDB: model: actor, step: 2, train_loss: -0.105957
TORCHFORT::WANDB: model: actor, step: 2, train_lr: 1e-06
TORCHFORT::WANDB: model: rlwm, step: 1, actor_loss: -0.105957
TORCHFORT::WANDB: model: rlwm, step: 1, critic_loss: inf
TORCHFORT::WANDB: model: critic_0, step: 3, train_loss: inf
TORCHFORT::WANDB: model: critic_0, step: 3, train_lr: 1e-06
TORCHFORT::WANDB: model: actor, step: 3, train_loss: -0.156338
TORCHFORT::WANDB: model: actor, step: 3, train_lr: 1e-06
TORCHFORT::WANDB: model: rlwm, step: 2, actor_loss: -0.156338
TORCHFORT::WANDB: model: rlwm, step: 2, critic_loss: inf
TORCHFORT::WANDB: model: critic_0, step: 4, train_loss: 1.89117
TORCHFORT::WANDB: model: critic_0, step: 4, train_lr: 9.99999e-07
TORCHFORT::WANDB: model: actor, step: 4, train_loss: -0.225106
TORCHFORT::WANDB: model: actor, step: 4, train_lr: 9.99999e-07
TORCHFORT::WANDB: model: rlwm, step: 2, actor_loss: -0.225106
TORCHFORT::WANDB: model: rlwm, step: 2, critic_loss: 1.89117
TORCHFORT::WANDB: model: critic_0, step: 5, train_loss: 3.73499e+07
TORCHFORT::WANDB: model: critic_0, step: 5, train_lr: 9.99998e-07
TORCHFORT::WANDB: model: actor, step: 5, train_loss: -0.229027
TORCHFORT::WANDB: model: actor, step: 5, train_lr: 9.99998e-07
TORCHFORT::WANDB: model: rlwm, step: 3, actor_loss: -0.229027
TORCHFORT::WANDB: model: rlwm, step: 3, critic_loss: 3.73499e+07
TORCHFORT::WANDB: model: critic_0, step: 6, train_loss: 5.24005
TORCHFORT::WANDB: model: critic_0, step: 6, train_lr: 9.99998e-07
TORCHFORT::WANDB: model: actor, step: 6, train_loss: -0.201015
TORCHFORT::WANDB: model: actor, step: 6, train_lr: 9.99998e-07
TORCHFORT::WANDB: model: rlwm, step: 3, actor_loss: -0.201015
TORCHFORT::WANDB: model: rlwm, step: 3, critic_loss: 5.24005
TORCHFORT::WANDB: model: critic_0, step: 7, train_loss: 3.73189e+07
TORCHFORT::WANDB: model: critic_0, step: 7, train_lr: 9.99996e-07
TORCHFORT::WANDB: model: actor, step: 7, train_loss: -0.230457
TORCHFORT::WANDB: model: actor, step: 7, train_lr: 9.99996e-07
TORCHFORT::WANDB: model: rlwm, step: 4, actor_loss: -0.230457
TORCHFORT::WANDB: model: rlwm, step: 4, critic_loss: 3.73189e+07
TORCHFORT::WANDB: model: critic_0, step: 8, train_loss: inf
TORCHFORT::WANDB: model: critic_0, step: 8, train_lr: 9.99995e-07
TORCHFORT::WANDB: model: actor, step: 8, train_loss: -0.180057
TORCHFORT::WANDB: model: actor, step: 8, train_lr: 9.99995e-07
TORCHFORT::WANDB: model: rlwm, step: 4, actor_loss: -0.180057
TORCHFORT::WANDB: model: rlwm, step: 4, critic_loss: inf
TORCHFORT::WANDB: model: critic_0, step: 9, train_loss: inf
TORCHFORT::WANDB: model: critic_0, step: 9, train_lr: 9.99994e-07
TORCHFORT::WANDB: model: actor, step: 9, train_loss: nan
TORCHFORT::WANDB: model: actor, step: 9, train_lr: 9.99994e-07
TORCHFORT::WANDB: model: rlwm, step: 5, actor_loss: nan
TORCHFORT::WANDB: model: rlwm, step: 5, critic_loss: inf
TORCHFORT::WANDB: model: critic_0, step: 10, train_loss: -nan
TORCHFORT::WANDB: model: critic_0, step: 10, train_lr: 9.99992e-07
TORCHFORT::WANDB: model: actor, step: 10, train_loss: nan
TORCHFORT::WANDB: model: actor, step: 10, train_lr: 9.99992e-07
TORCHFORT::WANDB: model: rlwm, step: 5, actor_loss: nan
TORCHFORT::WANDB: model: rlwm, step: 5, critic_loss: -nan
TORCHFORT::WANDB: model: critic_0, step: 1, train_loss: inf
TORCHFORT::WANDB: model: critic_0, step: 1, train_lr: 1e-06
TORCHFORT::WANDB: model: actor, step: 1, train_loss: nan
TORCHFORT::WANDB: model: actor, step: 1, train_lr: 1e-06
TORCHFORT::WANDB: model: rlwm, step: 1, actor_loss: nan
TORCHFORT::WANDB: model: rlwm, step: 1, critic_loss: inf
TORCHFORT::WANDB: model: critic_0, step: 2, train_loss: -nan
TORCHFORT::WANDB: model: critic_0, step: 2, train_lr: 1e-06
TORCHFORT::WANDB: model: actor, step: 2, train_loss: nan
TORCHFORT::WANDB: model: actor, step: 2, train_lr: 1e-06
TORCHFORT::WANDB: model: rlwm, step: 1, actor_loss: nan
TORCHFORT::WANDB: model: rlwm, step: 1, critic_loss: -nan
TORCHFORT::WANDB: model: critic_0, step: 3, train_loss: -nan
TORCHFORT::WANDB: model: critic_0, step: 3, train_lr: 1e-06
TORCHFORT::WANDB: model: actor, step: 3, train_loss: nan
TORCHFORT::WANDB: model: actor, step: 3, train_lr: 1e-06
TORCHFORT::WANDB: model: rlwm, step: 2, actor_loss: nan
TORCHFORT::WANDB: model: rlwm, step: 2, critic_loss: -nan
TORCHFORT::WANDB: model: critic_0, step: 4, train_loss: -nan
TORCHFORT::WANDB: model: critic_0, step: 4, train_lr: 9.99999e-07
TORCHFORT::WANDB: model: actor, step: 4, train_loss: nan
TORCHFORT::WANDB: model: actor, step: 4, train_lr: 9.99999e-07
TORCHFORT::WANDB: model: rlwm, step: 2, actor_loss: nan
TORCHFORT::WANDB: model: rlwm, step: 2, critic_loss: -nan
TORCHFORT::WANDB: model: critic_0, step: 1, train_loss: inf
TORCHFORT::WANDB: model: critic_0, step: 1, train_lr: 1e-06
TORCHFORT::WANDB: model: actor, step: 1, train_loss: -0.0979046
TORCHFORT::WANDB: model: actor, step: 1, train_lr: 1e-06
TORCHFORT::WANDB: model: rlwm, step: 1, actor_loss: -0.0979046
TORCHFORT::WANDB: model: rlwm, step: 1, critic_loss: inf
TORCHFORT::WANDB: model: critic_0, step: 2, train_loss: inf
TORCHFORT::WANDB: model: critic_0, step: 2, train_lr: 1e-06
TORCHFORT::WANDB: model: actor, step: 2, train_loss: -0.101729
TORCHFORT::WANDB: model: actor, step: 2, train_lr: 1e-06
TORCHFORT::WANDB: model: rlwm, step: 1, actor_loss: -0.101729
TORCHFORT::WANDB: model: rlwm, step: 1, critic_loss: inf
TORCHFORT::WANDB: model: critic_0, step: 3, train_loss: inf
TORCHFORT::WANDB: model: critic_0, step: 3, train_lr: 1e-06
TORCHFORT::WANDB: model: actor, step: 3, train_loss: -0.104032
TORCHFORT::WANDB: model: actor, step: 3, train_lr: 1e-06
TORCHFORT::WANDB: model: rlwm, step: 2, actor_loss: -0.104032
TORCHFORT::WANDB: model: rlwm, step: 2, critic_loss: inf
TORCHFORT::WANDB: model: critic_0, step: 4, train_loss: 1.15421
TORCHFORT::WANDB: model: critic_0, step: 4, train_lr: 9.99999e-07
TORCHFORT::WANDB: model: actor, step: 4, train_loss: -0.0651641
TORCHFORT::WANDB: model: actor, step: 4, train_lr: 9.99999e-07
TORCHFORT::WANDB: model: rlwm, step: 2, actor_loss: -0.0651641
TORCHFORT::WANDB: model: rlwm, step: 2, critic_loss: 1.15421
TORCHFORT::WANDB: model: critic_0, step: 5, train_loss: 1.6175e+10
TORCHFORT::WANDB: model: critic_0, step: 5, train_lr: 9.99998e-07
TORCHFORT::WANDB: model: actor, step: 5, train_loss: -0.0961806
TORCHFORT::WANDB: model: actor, step: 5, train_lr: 9.99998e-07
TORCHFORT::WANDB: model: rlwm, step: 3, actor_loss: -0.0961806
TORCHFORT::WANDB: model: rlwm, step: 3, critic_loss: 1.6175e+10
TORCHFORT::WANDB: model: critic_0, step: 6, train_loss: 2.99121
TORCHFORT::WANDB: model: critic_0, step: 6, train_lr: 9.99998e-07
TORCHFORT::WANDB: model: actor, step: 6, train_loss: -0.103984
TORCHFORT::WANDB: model: actor, step: 6, train_lr: 9.99998e-07
TORCHFORT::WANDB: model: rlwm, step: 3, actor_loss: -0.103984
TORCHFORT::WANDB: model: rlwm, step: 3, critic_loss: 2.99121
TORCHFORT::WANDB: model: critic_0, step: 7, train_loss: 1.61762e+10
TORCHFORT::WANDB: model: critic_0, step: 7, train_lr: 9.99996e-07
TORCHFORT::WANDB: model: actor, step: 7, train_loss: -0.104715
TORCHFORT::WANDB: model: actor, step: 7, train_lr: 9.99996e-07
TORCHFORT::WANDB: model: rlwm, step: 4, actor_loss: -0.104715
TORCHFORT::WANDB: model: rlwm, step: 4, critic_loss: 1.61762e+10
TORCHFORT::WANDB: model: critic_0, step: 8, train_loss: inf
TORCHFORT::WANDB: model: critic_0, step: 8, train_lr: 9.99995e-07
TORCHFORT::WANDB: model: actor, step: 8, train_loss: -0.103412
TORCHFORT::WANDB: model: actor, step: 8, train_lr: 9.99995e-07
TORCHFORT::WANDB: model: rlwm, step: 4, actor_loss: -0.103412
TORCHFORT::WANDB: model: rlwm, step: 4, critic_loss: inf
TORCHFORT::WANDB: model: critic_0, step: 9, train_loss: inf
TORCHFORT::WANDB: model: critic_0, step: 9, train_lr: 9.99994e-07
TORCHFORT::WANDB: model: actor, step: 9, train_loss: nan
TORCHFORT::WANDB: model: actor, step: 9, train_lr: 9.99994e-07
TORCHFORT::WANDB: model: rlwm, step: 5, actor_loss: nan
TORCHFORT::WANDB: model: rlwm, step: 5, critic_loss: inf
TORCHFORT::WANDB: model: critic_0, step: 10, train_loss: -nan
TORCHFORT::WANDB: model: critic_0, step: 10, train_lr: 9.99992e-07
TORCHFORT::WANDB: model: actor, step: 10, train_loss: nan
TORCHFORT::WANDB: model: actor, step: 10, train_lr: 9.99992e-07
TORCHFORT::WANDB: model: rlwm, step: 5, actor_loss: nan
TORCHFORT::WANDB: model: rlwm, step: 5, critic_loss: -nan
TORCHFORT::WANDB: model: critic_0, step: 1, train_loss: inf
TORCHFORT::WANDB: model: critic_0, step: 1, train_lr: 1e-06
TORCHFORT::WANDB: model: actor, step: 1, train_loss: -0.0753485
TORCHFORT::WANDB: model: actor, step: 1, train_lr: 1e-06
TORCHFORT::WANDB: model: rlwm, step: 1, actor_loss: -0.0753485
TORCHFORT::WANDB: model: rlwm, step: 1, critic_loss: inf
TORCHFORT::WANDB: model: critic_0, step: 2, train_loss: inf
TORCHFORT::WANDB: model: critic_0, step: 2, train_lr: 1e-06
TORCHFORT::WANDB: model: actor, step: 2, train_loss: -0.101738
TORCHFORT::WANDB: model: actor, step: 2, train_lr: 1e-06
TORCHFORT::WANDB: model: rlwm, step: 1, actor_loss: -0.101738
TORCHFORT::WANDB: model: rlwm, step: 1, critic_loss: inf
TORCHFORT::WANDB: model: critic_0, step: 3, train_loss: inf
TORCHFORT::WANDB: model: critic_0, step: 3, train_lr: 1e-06
TORCHFORT::WANDB: model: actor, step: 3, train_loss: -0.0978622
TORCHFORT::WANDB: model: actor, step: 3, train_lr: 1e-06
TORCHFORT::WANDB: model: rlwm, step: 2, actor_loss: -0.0978622
TORCHFORT::WANDB: model: rlwm, step: 2, critic_loss: inf
TORCHFORT::WANDB: model: critic_0, step: 4, train_loss: 2.0641
TORCHFORT::WANDB: model: critic_0, step: 4, train_lr: 9.99999e-07
TORCHFORT::WANDB: model: actor, step: 4, train_loss: -0.0746278
TORCHFORT::WANDB: model: actor, step: 4, train_lr: 9.99999e-07
TORCHFORT::WANDB: model: rlwm, step: 2, actor_loss: -0.0746278
TORCHFORT::WANDB: model: rlwm, step: 2, critic_loss: 2.0641
TORCHFORT::WANDB: model: critic_0, step: 5, train_loss: 1.75223e+10
TORCHFORT::WANDB: model: critic_0, step: 5, train_lr: 9.99998e-07
TORCHFORT::WANDB: model: actor, step: 5, train_loss: 0.0295315
TORCHFORT::WANDB: model: actor, step: 5, train_lr: 9.99998e-07
TORCHFORT::WANDB: model: rlwm, step: 3, actor_loss: 0.0295315
TORCHFORT::WANDB: model: rlwm, step: 3, critic_loss: 1.75223e+10
TORCHFORT::WANDB: model: critic_0, step: 6, train_loss: 4.99591
TORCHFORT::WANDB: model: critic_0, step: 6, train_lr: 9.99998e-07
TORCHFORT::WANDB: model: actor, step: 6, train_loss: -0.0741866
TORCHFORT::WANDB: model: actor, step: 6, train_lr: 9.99998e-07
TORCHFORT::WANDB: model: rlwm, step: 3, actor_loss: -0.0741866
TORCHFORT::WANDB: model: rlwm, step: 3, critic_loss: 4.99591
TORCHFORT::WANDB: model: critic_0, step: 7, train_loss: 1.75229e+10
TORCHFORT::WANDB: model: critic_0, step: 7, train_lr: 9.99996e-07
TORCHFORT::WANDB: model: actor, step: 7, train_loss: -0.0343193
TORCHFORT::WANDB: model: actor, step: 7, train_lr: 9.99996e-07
TORCHFORT::WANDB: model: rlwm, step: 4, actor_loss: -0.0343193
TORCHFORT::WANDB: model: rlwm, step: 4, critic_loss: 1.75229e+10
TORCHFORT::WANDB: model: critic_0, step: 8, train_loss: inf
TORCHFORT::WANDB: model: critic_0, step: 8, train_lr: 9.99995e-07
TORCHFORT::WANDB: model: actor, step: 8, train_loss: -0.10122
TORCHFORT::WANDB: model: actor, step: 8, train_lr: 9.99995e-07
TORCHFORT::WANDB: model: rlwm, step: 4, actor_loss: -0.10122
TORCHFORT::WANDB: model: rlwm, step: 4, critic_loss: inf
TORCHFORT::WANDB: model: critic_0, step: 9, train_loss: inf
TORCHFORT::WANDB: model: critic_0, step: 9, train_lr: 9.99994e-07
TORCHFORT::WANDB: model: actor, step: 9, train_loss: nan
TORCHFORT::WANDB: model: actor, step: 9, train_lr: 9.99994e-07
TORCHFORT::WANDB: model: rlwm, step: 5, actor_loss: nan
TORCHFORT::WANDB: model: rlwm, step: 5, critic_loss: inf
TORCHFORT::WANDB: model: critic_0, step: 10, train_loss: -nan
TORCHFORT::WANDB: model: critic_0, step: 10, train_lr: 9.99992e-07
TORCHFORT::WANDB: model: actor, step: 10, train_loss: nan
TORCHFORT::WANDB: model: actor, step: 10, train_lr: 9.99992e-07
TORCHFORT::WANDB: model: rlwm, step: 5, actor_loss: nan
TORCHFORT::WANDB: model: rlwm, step: 5, critic_loss: -nan
TORCHFORT::WANDB: model: critic_0, step: 1, train_loss: inf
TORCHFORT::WANDB: model: critic_0, step: 1, train_lr: 1e-06
TORCHFORT::WANDB: model: actor, step: 1, train_loss: -0.0566592
TORCHFORT::WANDB: model: actor, step: 1, train_lr: 1e-06
TORCHFORT::WANDB: model: rlwm, step: 1, actor_loss: -0.0566592
TORCHFORT::WANDB: model: rlwm, step: 1, critic_loss: inf
TORCHFORT::WANDB: model: critic_0, step: 2, train_loss: inf
TORCHFORT::WANDB: model: critic_0, step: 2, train_lr: 1e-06
TORCHFORT::WANDB: model: actor, step: 2, train_loss: 0.0224805
TORCHFORT::WANDB: model: actor, step: 2, train_lr: 1e-06
TORCHFORT::WANDB: model: rlwm, step: 1, actor_loss: 0.0224805
TORCHFORT::WANDB: model: rlwm, step: 1, critic_loss: inf
TORCHFORT::WANDB: model: critic_0, step: 3, train_loss: inf
TORCHFORT::WANDB: model: critic_0, step: 3, train_lr: 1e-06
TORCHFORT::WANDB: model: actor, step: 3, train_loss: -0.0776303
TORCHFORT::WANDB: model: actor, step: 3, train_lr: 1e-06
TORCHFORT::WANDB: model: rlwm, step: 2, actor_loss: -0.0776303
TORCHFORT::WANDB: model: rlwm, step: 2, critic_loss: inf
TORCHFORT::WANDB: model: critic_0, step: 4, train_loss: 1.65544
TORCHFORT::WANDB: model: critic_0, step: 4, train_lr: 9.99999e-07
TORCHFORT::WANDB: model: actor, step: 4, train_loss: 0.0320414
TORCHFORT::WANDB: model: actor, step: 4, train_lr: 9.99999e-07
TORCHFORT::WANDB: model: rlwm, step: 2, actor_loss: 0.0320414
TORCHFORT::WANDB: model: rlwm, step: 2, critic_loss: 1.65544
TORCHFORT::WANDB: model: critic_0, step: 5, train_loss: 1.41219e+10
TORCHFORT::WANDB: model: critic_0, step: 5, train_lr: 9.99998e-07
TORCHFORT::WANDB: model: actor, step: 5, train_loss: -0.0736474
TORCHFORT::WANDB: model: actor, step: 5, train_lr: 9.99998e-07
TORCHFORT::WANDB: model: rlwm, step: 3, actor_loss: -0.0736474
TORCHFORT::WANDB: model: rlwm, step: 3, critic_loss: 1.41219e+10
TORCHFORT::WANDB: model: critic_0, step: 6, train_loss: 4.41054
TORCHFORT::WANDB: model: critic_0, step: 6, train_lr: 9.99998e-07
TORCHFORT::WANDB: model: actor, step: 6, train_loss: 0.0703365
TORCHFORT::WANDB: model: actor, step: 6, train_lr: 9.99998e-07
TORCHFORT::WANDB: model: rlwm, step: 3, actor_loss: 0.0703365
TORCHFORT::WANDB: model: rlwm, step: 3, critic_loss: 4.41054
TORCHFORT::WANDB: model: critic_0, step: 7, train_loss: 1.41209e+10
TORCHFORT::WANDB: model: critic_0, step: 7, train_lr: 9.99996e-07
TORCHFORT::WANDB: model: actor, step: 7, train_loss: 0.00886099
TORCHFORT::WANDB: model: actor, step: 7, train_lr: 9.99996e-07
TORCHFORT::WANDB: model: rlwm, step: 4, actor_loss: 0.00886099
TORCHFORT::WANDB: model: rlwm, step: 4, critic_loss: 1.41209e+10
TORCHFORT::WANDB: model: critic_0, step: 8, train_loss: inf
TORCHFORT::WANDB: model: critic_0, step: 8, train_lr: 9.99995e-07
TORCHFORT::WANDB: model: actor, step: 8, train_loss: 0.00708837
TORCHFORT::WANDB: model: actor, step: 8, train_lr: 9.99995e-07
TORCHFORT::WANDB: model: rlwm, step: 4, actor_loss: 0.00708837
TORCHFORT::WANDB: model: rlwm, step: 4, critic_loss: inf
TORCHFORT::WANDB: model: critic_0, step: 9, train_loss: inf
TORCHFORT::WANDB: model: critic_0, step: 9, train_lr: 9.99994e-07
TORCHFORT::WANDB: model: actor, step: 9, train_loss: nan
TORCHFORT::WANDB: model: actor, step: 9, train_lr: 9.99994e-07
TORCHFORT::WANDB: model: rlwm, step: 5, actor_loss: nan
TORCHFORT::WANDB: model: rlwm, step: 5, critic_loss: inf
TORCHFORT::WANDB: model: critic_0, step: 10, train_loss: -nan
TORCHFORT::WANDB: model: critic_0, step: 10, train_lr: 9.99992e-07
TORCHFORT::WANDB: model: actor, step: 10, train_loss: nan
TORCHFORT::WANDB: model: actor, step: 10, train_lr: 9.99992e-07
TORCHFORT::WANDB: model: rlwm, step: 5, actor_loss: nan
TORCHFORT::WANDB: model: rlwm, step: 5, critic_loss: -nan
TORCHFORT::WANDB: model: critic_0, step: 11, train_loss: -nan
TORCHFORT::WANDB: model: critic_0, step: 11, train_lr: 9.9999e-07
TORCHFORT::WANDB: model: actor, step: 11, train_loss: nan
TORCHFORT::WANDB: model: actor, step: 11, train_lr: 9.9999e-07
TORCHFORT::WANDB: model: rlwm, step: 6, actor_loss: nan
TORCHFORT::WANDB: model: rlwm, step: 6, critic_loss: -nan
TORCHFORT::WANDB: model: critic_0, step: 12, train_loss: -nan
TORCHFORT::WANDB: model: critic_0, step: 12, train_lr: 9.99988e-07
TORCHFORT::WANDB: model: actor, step: 12, train_loss: nan
TORCHFORT::WANDB: model: actor, step: 12, train_lr: 9.99988e-07
TORCHFORT::WANDB: model: rlwm, step: 6, actor_loss: nan
TORCHFORT::WANDB: model: rlwm, step: 6, critic_loss: -nan
TORCHFORT::WANDB: model: critic_0, step: 13, train_loss: -nan
TORCHFORT::WANDB: model: critic_0, step: 13, train_lr: 9.99986e-07
TORCHFORT::WANDB: model: actor, step: 13, train_loss: nan
TORCHFORT::WANDB: model: actor, step: 13, train_lr: 9.99986e-07
TORCHFORT::WANDB: model: rlwm, step: 7, actor_loss: nan
TORCHFORT::WANDB: model: rlwm, step: 7, critic_loss: -nan
TORCHFORT::WANDB: model: critic_0, step: 14, train_loss: -nan
TORCHFORT::WANDB: model: critic_0, step: 14, train_lr: 9.99983e-07
TORCHFORT::WANDB: model: actor, step: 14, train_loss: nan
TORCHFORT::WANDB: model: actor, step: 14, train_lr: 9.99983e-07
TORCHFORT::WANDB: model: rlwm, step: 7, actor_loss: nan
TORCHFORT::WANDB: model: rlwm, step: 7, critic_loss: -nan
TORCHFORT::WANDB: model: critic_0, step: 1, train_loss: inf
TORCHFORT::WANDB: model: critic_0, step: 1, train_lr: 1e-06
TORCHFORT::WANDB: model: actor, step: 1, train_loss: nan
TORCHFORT::WANDB: model: actor, step: 1, train_lr: 1e-06
TORCHFORT::WANDB: model: rlwm, step: 1, actor_loss: nan
TORCHFORT::WANDB: model: rlwm, step: 1, critic_loss: inf
TORCHFORT::WANDB: model: critic_0, step: 2, train_loss: -nan
TORCHFORT::WANDB: model: critic_0, step: 2, train_lr: 1e-06
TORCHFORT::WANDB: model: actor, step: 2, train_loss: nan
TORCHFORT::WANDB: model: actor, step: 2, train_lr: 1e-06
TORCHFORT::WANDB: model: rlwm, step: 1, actor_loss: nan
TORCHFORT::WANDB: model: rlwm, step: 1, critic_loss: -nan
TORCHFORT::WANDB: model: critic_0, step: 1, train_loss: inf
TORCHFORT::WANDB: model: critic_0, step: 1, train_lr: 1e-06
TORCHFORT::WANDB: model: actor, step: 1, train_loss: nan
TORCHFORT::WANDB: model: actor, step: 1, train_lr: 1e-06
TORCHFORT::WANDB: model: rlwm, step: 1, actor_loss: nan
TORCHFORT::WANDB: model: rlwm, step: 1, critic_loss: inf
TORCHFORT::WANDB: model: critic_0, step: 2, train_loss: -nan
TORCHFORT::WANDB: model: critic_0, step: 2, train_lr: 1e-06
TORCHFORT::WANDB: model: actor, step: 2, train_loss: nan
TORCHFORT::WANDB: model: actor, step: 2, train_lr: 1e-06
TORCHFORT::WANDB: model: rlwm, step: 1, actor_loss: nan
TORCHFORT::WANDB: model: rlwm, step: 1, critic_loss: -nan
TORCHFORT::WANDB: model: critic_0, step: 3, train_loss: -nan
TORCHFORT::WANDB: model: critic_0, step: 3, train_lr: 1e-06
TORCHFORT::WANDB: model: actor, step: 3, train_loss: nan
TORCHFORT::WANDB: model: actor, step: 3, train_lr: 1e-06
TORCHFORT::WANDB: model: rlwm, step: 2, actor_loss: nan
TORCHFORT::WANDB: model: rlwm, step: 2, critic_loss: -nan
TORCHFORT::WANDB: model: critic_0, step: 4, train_loss: -nan
TORCHFORT::WANDB: model: critic_0, step: 4, train_lr: 9.99999e-07
TORCHFORT::WANDB: model: actor, step: 4, train_loss: nan
TORCHFORT::WANDB: model: actor, step: 4, train_lr: 9.99999e-07
TORCHFORT::WANDB: model: rlwm, step: 2, actor_loss: nan
TORCHFORT::WANDB: model: rlwm, step: 2, critic_loss: -nan
TORCHFORT::WANDB: model: critic_0, step: 5, train_loss: -nan
TORCHFORT::WANDB: model: critic_0, step: 5, train_lr: 9.99998e-07
TORCHFORT::WANDB: model: actor, step: 5, train_loss: nan
TORCHFORT::WANDB: model: actor, step: 5, train_lr: 9.99998e-07
TORCHFORT::WANDB: model: rlwm, step: 3, actor_loss: nan
TORCHFORT::WANDB: model: rlwm, step: 3, critic_loss: -nan
TORCHFORT::WANDB: model: critic_0, step: 6, train_loss: -nan
TORCHFORT::WANDB: model: critic_0, step: 6, train_lr: 9.99998e-07
TORCHFORT::WANDB: model: actor, step: 6, train_loss: nan
TORCHFORT::WANDB: model: actor, step: 6, train_lr: 9.99998e-07
TORCHFORT::WANDB: model: rlwm, step: 3, actor_loss: nan
TORCHFORT::WANDB: model: rlwm, step: 3, critic_loss: -nan
TORCHFORT::WANDB: model: critic_0, step: 7, train_loss: -nan
TORCHFORT::WANDB: model: critic_0, step: 7, train_lr: 9.99996e-07
TORCHFORT::WANDB: model: actor, step: 7, train_loss: nan
TORCHFORT::WANDB: model: actor, step: 7, train_lr: 9.99996e-07
TORCHFORT::WANDB: model: rlwm, step: 4, actor_loss: nan
TORCHFORT::WANDB: model: rlwm, step: 4, critic_loss: -nan
TORCHFORT::WANDB: model: critic_0, step: 8, train_loss: -nan
TORCHFORT::WANDB: model: critic_0, step: 8, train_lr: 9.99995e-07
TORCHFORT::WANDB: model: actor, step: 8, train_loss: nan
TORCHFORT::WANDB: model: actor, step: 8, train_lr: 9.99995e-07
TORCHFORT::WANDB: model: rlwm, step: 4, actor_loss: nan
TORCHFORT::WANDB: model: rlwm, step: 4, critic_loss: -nan
TORCHFORT::WANDB: model: critic_0, step: 9, train_loss: -nan
TORCHFORT::WANDB: model: critic_0, step: 9, train_lr: 9.99994e-07
TORCHFORT::WANDB: model: actor, step: 9, train_loss: nan
TORCHFORT::WANDB: model: actor, step: 9, train_lr: 9.99994e-07
TORCHFORT::WANDB: model: rlwm, step: 5, actor_loss: nan
TORCHFORT::WANDB: model: rlwm, step: 5, critic_loss: -nan
TORCHFORT::WANDB: model: critic_0, step: 10, train_loss: -nan
TORCHFORT::WANDB: model: critic_0, step: 10, train_lr: 9.99992e-07
TORCHFORT::WANDB: model: actor, step: 10, train_loss: nan
TORCHFORT::WANDB: model: actor, step: 10, train_lr: 9.99992e-07
TORCHFORT::WANDB: model: rlwm, step: 5, actor_loss: nan
TORCHFORT::WANDB: model: rlwm, step: 5, critic_loss: -nan
TORCHFORT::WANDB: model: critic_0, step: 11, train_loss: -nan
TORCHFORT::WANDB: model: critic_0, step: 11, train_lr: 9.9999e-07
TORCHFORT::WANDB: model: actor, step: 11, train_loss: nan
TORCHFORT::WANDB: model: actor, step: 11, train_lr: 9.9999e-07
TORCHFORT::WANDB: model: rlwm, step: 6, actor_loss: nan
TORCHFORT::WANDB: model: rlwm, step: 6, critic_loss: -nan
TORCHFORT::WANDB: model: critic_0, step: 12, train_loss: -nan
TORCHFORT::WANDB: model: critic_0, step: 12, train_lr: 9.99988e-07
TORCHFORT::WANDB: model: actor, step: 12, train_loss: nan
TORCHFORT::WANDB: model: actor, step: 12, train_lr: 9.99988e-07
TORCHFORT::WANDB: model: rlwm, step: 6, actor_loss: nan
TORCHFORT::WANDB: model: rlwm, step: 6, critic_loss: -nan
TORCHFORT::WANDB: model: critic_0, step: 13, train_loss: -nan
TORCHFORT::WANDB: model: critic_0, step: 13, train_lr: 9.99986e-07
TORCHFORT::WANDB: model: actor, step: 13, train_loss: nan
TORCHFORT::WANDB: model: actor, step: 13, train_lr: 9.99986e-07
TORCHFORT::WANDB: model: rlwm, step: 7, actor_loss: nan
TORCHFORT::WANDB: model: rlwm, step: 7, critic_loss: -nan
TORCHFORT::WANDB: model: critic_0, step: 14, train_loss: -nan
TORCHFORT::WANDB: model: critic_0, step: 14, train_lr: 9.99983e-07
TORCHFORT::WANDB: model: actor, step: 14, train_loss: nan
TORCHFORT::WANDB: model: actor, step: 14, train_lr: 9.99983e-07
TORCHFORT::WANDB: model: rlwm, step: 7, actor_loss: nan
TORCHFORT::WANDB: model: rlwm, step: 7, critic_loss: -nan
TORCHFORT::WANDB: model: critic_0, step: 15, train_loss: -nan
TORCHFORT::WANDB: model: critic_0, step: 15, train_lr: 9.99981e-07
TORCHFORT::WANDB: model: actor, step: 15, train_loss: nan
TORCHFORT::WANDB: model: actor, step: 15, train_lr: 9.99981e-07
TORCHFORT::WANDB: model: rlwm, step: 8, actor_loss: nan
TORCHFORT::WANDB: model: rlwm, step: 8, critic_loss: -nan
TORCHFORT::WANDB: model: critic_0, step: 16, train_loss: -nan
TORCHFORT::WANDB: model: critic_0, step: 16, train_lr: 9.99978e-07
TORCHFORT::WANDB: model: actor, step: 16, train_loss: nan
TORCHFORT::WANDB: model: actor, step: 16, train_lr: 9.99978e-07
TORCHFORT::WANDB: model: rlwm, step: 8, actor_loss: nan
TORCHFORT::WANDB: model: rlwm, step: 8, critic_loss: -nan
TORCHFORT::WANDB: model: critic_0, step: 17, train_loss: -nan
TORCHFORT::WANDB: model: critic_0, step: 17, train_lr: 9.99975e-07
TORCHFORT::WANDB: model: actor, step: 17, train_loss: nan
TORCHFORT::WANDB: model: actor, step: 17, train_lr: 9.99975e-07
TORCHFORT::WANDB: model: rlwm, step: 9, actor_loss: nan
TORCHFORT::WANDB: model: rlwm, step: 9, critic_loss: -nan
TORCHFORT::WANDB: model: critic_0, step: 18, train_loss: -nan
TORCHFORT::WANDB: model: critic_0, step: 18, train_lr: 9.99971e-07
TORCHFORT::WANDB: model: actor, step: 18, train_loss: nan
TORCHFORT::WANDB: model: actor, step: 18, train_lr: 9.99971e-07
TORCHFORT::WANDB: model: rlwm, step: 9, actor_loss: nan
TORCHFORT::WANDB: model: rlwm, step: 9, critic_loss: -nan
TORCHFORT::WANDB: model: critic_0, step: 19, train_loss: -nan
TORCHFORT::WANDB: model: critic_0, step: 19, train_lr: 9.99968e-07
TORCHFORT::WANDB: model: actor, step: 19, train_loss: nan
TORCHFORT::WANDB: model: actor, step: 19, train_lr: 9.99968e-07
TORCHFORT::WANDB: model: rlwm, step: 10, actor_loss: nan
TORCHFORT::WANDB: model: rlwm, step: 10, critic_loss: -nan
TORCHFORT::WANDB: model: critic_0, step: 20, train_loss: -nan
TORCHFORT::WANDB: model: critic_0, step: 20, train_lr: 9.99964e-07
TORCHFORT::WANDB: model: actor, step: 20, train_loss: nan
TORCHFORT::WANDB: model: actor, step: 20, train_lr: 9.99964e-07
TORCHFORT::WANDB: model: rlwm, step: 10, actor_loss: nan
TORCHFORT::WANDB: model: rlwm, step: 10, critic_loss: -nan
TORCHFORT::WANDB: model: critic_0, step: 21, train_loss: -nan
TORCHFORT::WANDB: model: critic_0, step: 21, train_lr: 9.99961e-07
TORCHFORT::WANDB: model: actor, step: 21, train_loss: nan
TORCHFORT::WANDB: model: actor, step: 21, train_lr: 9.99961e-07
TORCHFORT::WANDB: model: rlwm, step: 11, actor_loss: nan
TORCHFORT::WANDB: model: rlwm, step: 11, critic_loss: -nan
TORCHFORT::WANDB: model: critic_0, step: 22, train_loss: -nan
TORCHFORT::WANDB: model: critic_0, step: 22, train_lr: 9.99956e-07
TORCHFORT::WANDB: model: actor, step: 22, train_loss: nan
TORCHFORT::WANDB: model: actor, step: 22, train_lr: 9.99956e-07
TORCHFORT::WANDB: model: rlwm, step: 11, actor_loss: nan
TORCHFORT::WANDB: model: rlwm, step: 11, critic_loss: -nan
TORCHFORT::WANDB: model: critic_0, step: 23, train_loss: -nan
TORCHFORT::WANDB: model: critic_0, step: 23, train_lr: 9.99952e-07
TORCHFORT::WANDB: model: actor, step: 23, train_loss: nan
TORCHFORT::WANDB: model: actor, step: 23, train_lr: 9.99952e-07
TORCHFORT::WANDB: model: rlwm, step: 12, actor_loss: nan
TORCHFORT::WANDB: model: rlwm, step: 12, critic_loss: -nan
TORCHFORT::WANDB: model: critic_0, step: 24, train_loss: -nan
TORCHFORT::WANDB: model: critic_0, step: 24, train_lr: 9.99948e-07
TORCHFORT::WANDB: model: actor, step: 24, train_loss: nan
TORCHFORT::WANDB: model: actor, step: 24, train_lr: 9.99948e-07
TORCHFORT::WANDB: model: rlwm, step: 12, actor_loss: nan
TORCHFORT::WANDB: model: rlwm, step: 12, critic_loss: -nan
TORCHFORT::WANDB: model: critic_0, step: 25, train_loss: -nan
TORCHFORT::WANDB: model: critic_0, step: 25, train_lr: 9.99943e-07
TORCHFORT::WANDB: model: actor, step: 25, train_loss: nan
TORCHFORT::WANDB: model: actor, step: 25, train_lr: 9.99943e-07
TORCHFORT::WANDB: model: rlwm, step: 13, actor_loss: nan
TORCHFORT::WANDB: model: rlwm, step: 13, critic_loss: -nan
TORCHFORT::WANDB: model: critic_0, step: 26, train_loss: -nan
TORCHFORT::WANDB: model: critic_0, step: 26, train_lr: 9.99938e-07
TORCHFORT::WANDB: model: actor, step: 26, train_loss: nan
TORCHFORT::WANDB: model: actor, step: 26, train_lr: 9.99938e-07
TORCHFORT::WANDB: model: rlwm, step: 13, actor_loss: nan
TORCHFORT::WANDB: model: rlwm, step: 13, critic_loss: -nan
TORCHFORT::WANDB: model: critic_0, step: 1, train_loss: inf
TORCHFORT::WANDB: model: critic_0, step: 1, train_lr: 1e-06
TORCHFORT::WANDB: model: actor, step: 1, train_loss: nan
TORCHFORT::WANDB: model: actor, step: 1, train_lr: 1e-06
TORCHFORT::WANDB: model: rlwm, step: 1, actor_loss: nan
TORCHFORT::WANDB: model: rlwm, step: 1, critic_loss: inf
TORCHFORT::WANDB: model: critic_0, step: 2, train_loss: -nan
TORCHFORT::WANDB: model: critic_0, step: 2, train_lr: 1e-06
TORCHFORT::WANDB: model: actor, step: 2, train_loss: nan
TORCHFORT::WANDB: model: actor, step: 2, train_lr: 1e-06
TORCHFORT::WANDB: model: rlwm, step: 1, actor_loss: nan
TORCHFORT::WANDB: model: rlwm, step: 1, critic_loss: -nan
TORCHFORT::WANDB: model: critic_0, step: 3, train_loss: -nan
TORCHFORT::WANDB: model: critic_0, step: 3, train_lr: 1e-06
TORCHFORT::WANDB: model: actor, step: 3, train_loss: nan
TORCHFORT::WANDB: model: actor, step: 3, train_lr: 1e-06
TORCHFORT::WANDB: model: rlwm, step: 2, actor_loss: nan
TORCHFORT::WANDB: model: rlwm, step: 2, critic_loss: -nan
TORCHFORT::WANDB: model: critic_0, step: 4, train_loss: -nan
TORCHFORT::WANDB: model: critic_0, step: 4, train_lr: 9.99999e-07
TORCHFORT::WANDB: model: actor, step: 4, train_loss: nan
TORCHFORT::WANDB: model: actor, step: 4, train_lr: 9.99999e-07
TORCHFORT::WANDB: model: rlwm, step: 2, actor_loss: nan
TORCHFORT::WANDB: model: rlwm, step: 2, critic_loss: -nan
TORCHFORT::WANDB: model: critic_0, step: 5, train_loss: -nan
TORCHFORT::WANDB: model: critic_0, step: 5, train_lr: 9.99998e-07
TORCHFORT::WANDB: model: actor, step: 5, train_loss: nan
TORCHFORT::WANDB: model: actor, step: 5, train_lr: 9.99998e-07
TORCHFORT::WANDB: model: rlwm, step: 3, actor_loss: nan
TORCHFORT::WANDB: model: rlwm, step: 3, critic_loss: -nan
TORCHFORT::WANDB: model: critic_0, step: 6, train_loss: -nan
TORCHFORT::WANDB: model: critic_0, step: 6, train_lr: 9.99998e-07
TORCHFORT::WANDB: model: actor, step: 6, train_loss: nan
TORCHFORT::WANDB: model: actor, step: 6, train_lr: 9.99998e-07
TORCHFORT::WANDB: model: rlwm, step: 3, actor_loss: nan
TORCHFORT::WANDB: model: rlwm, step: 3, critic_loss: -nan
TORCHFORT::WANDB: model: critic_0, step: 1, train_loss: 4.08559e+33
TORCHFORT::WANDB: model: critic_0, step: 1, train_lr: 1e-06
TORCHFORT::WANDB: model: actor, step: 1, train_loss: -5.77119e+07
TORCHFORT::WANDB: model: actor, step: 1, train_lr: 1e-06
TORCHFORT::WANDB: model: rlwm, step: 1, actor_loss: -5.77119e+07
TORCHFORT::WANDB: model: rlwm, step: 1, critic_loss: 4.08559e+33
TORCHFORT::WANDB: model: critic_0, step: 2, train_loss: nan
TORCHFORT::WANDB: model: critic_0, step: 2, train_lr: 1e-06
TORCHFORT::WANDB: model: actor, step: 2, train_loss: -nan
TORCHFORT::WANDB: model: actor, step: 2, train_lr: 1e-06
TORCHFORT::WANDB: model: rlwm, step: 1, actor_loss: -nan
TORCHFORT::WANDB: model: rlwm, step: 1, critic_loss: nan
TORCHFORT::WANDB: model: critic_0, step: 3, train_loss: nan
TORCHFORT::WANDB: model: critic_0, step: 3, train_lr: 1e-06
TORCHFORT::WANDB: model: actor, step: 3, train_loss: nan
TORCHFORT::WANDB: model: actor, step: 3, train_lr: 1e-06
TORCHFORT::WANDB: model: rlwm, step: 2, actor_loss: nan
TORCHFORT::WANDB: model: rlwm, step: 2, critic_loss: nan
TORCHFORT::WANDB: model: critic_0, step: 4, train_loss: -nan
TORCHFORT::WANDB: model: critic_0, step: 4, train_lr: 9.99999e-07
TORCHFORT::WANDB: model: actor, step: 4, train_loss: nan
TORCHFORT::WANDB: model: actor, step: 4, train_lr: 9.99999e-07
TORCHFORT::WANDB: model: rlwm, step: 2, actor_loss: nan
TORCHFORT::WANDB: model: rlwm, step: 2, critic_loss: -nan
TORCHFORT::WANDB: model: critic_0, step: 5, train_loss: nan
TORCHFORT::WANDB: model: critic_0, step: 5, train_lr: 9.99998e-07
TORCHFORT::WANDB: model: actor, step: 5, train_loss: nan
TORCHFORT::WANDB: model: actor, step: 5, train_lr: 9.99998e-07
TORCHFORT::WANDB: model: rlwm, step: 3, actor_loss: nan
TORCHFORT::WANDB: model: rlwm, step: 3, critic_loss: nan
TORCHFORT::WANDB: model: critic_0, step: 6, train_loss: -nan
TORCHFORT::WANDB: model: critic_0, step: 6, train_lr: 9.99998e-07
TORCHFORT::WANDB: model: actor, step: 6, train_loss: nan
TORCHFORT::WANDB: model: actor, step: 6, train_lr: 9.99998e-07
TORCHFORT::WANDB: model: rlwm, step: 3, actor_loss: nan
TORCHFORT::WANDB: model: rlwm, step: 3, critic_loss: -nan
TORCHFORT::WANDB: model: critic_0, step: 7, train_loss: nan
TORCHFORT::WANDB: model: critic_0, step: 7, train_lr: 9.99996e-07
TORCHFORT::WANDB: model: actor, step: 7, train_loss: nan
TORCHFORT::WANDB: model: actor, step: 7, train_lr: 9.99996e-07
TORCHFORT::WANDB: model: rlwm, step: 4, actor_loss: nan
TORCHFORT::WANDB: model: rlwm, step: 4, critic_loss: nan
TORCHFORT::WANDB: model: critic_0, step: 8, train_loss: -nan
TORCHFORT::WANDB: model: critic_0, step: 8, train_lr: 9.99995e-07
TORCHFORT::WANDB: model: actor, step: 8, train_loss: nan
TORCHFORT::WANDB: model: actor, step: 8, train_lr: 9.99995e-07
TORCHFORT::WANDB: model: rlwm, step: 4, actor_loss: nan
TORCHFORT::WANDB: model: rlwm, step: 4, critic_loss: -nan
TORCHFORT::WANDB: model: critic_0, step: 1, train_loss: 1.15247
TORCHFORT::WANDB: model: critic_0, step: 1, train_lr: 1e-06
TORCHFORT::WANDB: model: actor, step: 1, train_loss: -0.0666106
TORCHFORT::WANDB: model: actor, step: 1, train_lr: 1e-06
TORCHFORT::WANDB: model: rlwm, step: 1, actor_loss: -0.0666106
TORCHFORT::WANDB: model: rlwm, step: 1, critic_loss: 1.15247
TORCHFORT::WANDB: model: critic_0, step: 2, train_loss: nan
TORCHFORT::WANDB: model: critic_0, step: 2, train_lr: 1e-06
TORCHFORT::WANDB: model: actor, step: 2, train_loss: -nan
TORCHFORT::WANDB: model: actor, step: 2, train_lr: 1e-06
TORCHFORT::WANDB: model: rlwm, step: 1, actor_loss: -nan
TORCHFORT::WANDB: model: rlwm, step: 1, critic_loss: nan
TORCHFORT::WANDB: model: critic_0, step: 3, train_loss: nan
TORCHFORT::WANDB: model: critic_0, step: 3, train_lr: 1e-06
TORCHFORT::WANDB: model: actor, step: 3, train_loss: -nan
TORCHFORT::WANDB: model: actor, step: 3, train_lr: 1e-06
TORCHFORT::WANDB: model: rlwm, step: 2, actor_loss: -nan
TORCHFORT::WANDB: model: rlwm, step: 2, critic_loss: nan
TORCHFORT::WANDB: model: critic_0, step: 4, train_loss: nan
TORCHFORT::WANDB: model: critic_0, step: 4, train_lr: 9.99999e-07
TORCHFORT::WANDB: model: actor, step: 4, train_loss: nan
TORCHFORT::WANDB: model: actor, step: 4, train_lr: 9.99999e-07
TORCHFORT::WANDB: model: rlwm, step: 2, actor_loss: nan
TORCHFORT::WANDB: model: rlwm, step: 2, critic_loss: nan
TORCHFORT::WANDB: model: critic_0, step: 5, train_loss: nan
TORCHFORT::WANDB: model: critic_0, step: 5, train_lr: 9.99998e-07
TORCHFORT::WANDB: model: actor, step: 5, train_loss: nan
TORCHFORT::WANDB: model: actor, step: 5, train_lr: 9.99998e-07
TORCHFORT::WANDB: model: rlwm, step: 3, actor_loss: nan
TORCHFORT::WANDB: model: rlwm, step: 3, critic_loss: nan
TORCHFORT::WANDB: model: critic_0, step: 6, train_loss: nan
TORCHFORT::WANDB: model: critic_0, step: 6, train_lr: 9.99998e-07
TORCHFORT::WANDB: model: actor, step: 6, train_loss: nan
TORCHFORT::WANDB: model: actor, step: 6, train_lr: 9.99998e-07
TORCHFORT::WANDB: model: rlwm, step: 3, actor_loss: nan
TORCHFORT::WANDB: model: rlwm, step: 3, critic_loss: nan
TORCHFORT::WANDB: model: critic_0, step: 1, train_loss: 0.46908
TORCHFORT::WANDB: model: critic_0, step: 1, train_lr: 0.001
TORCHFORT::WANDB: model: actor, step: 1, train_loss: -0.0985308
TORCHFORT::WANDB: model: actor, step: 1, train_lr: 0.001
TORCHFORT::WANDB: model: rlwm, step: 1, actor_loss: -0.0985308
TORCHFORT::WANDB: model: rlwm, step: 1, critic_loss: 0.46908
TORCHFORT::WANDB: model: critic_0, step: 2, train_loss: nan
TORCHFORT::WANDB: model: critic_0, step: 2, train_lr: 0.001
TORCHFORT::WANDB: model: actor, step: 2, train_loss: -nan
TORCHFORT::WANDB: model: actor, step: 2, train_lr: 0.001
TORCHFORT::WANDB: model: rlwm, step: 1, actor_loss: -nan
TORCHFORT::WANDB: model: rlwm, step: 1, critic_loss: nan
TORCHFORT::WANDB: model: critic_0, step: 3, train_loss: nan
TORCHFORT::WANDB: model: critic_0, step: 3, train_lr: 0.001
TORCHFORT::WANDB: model: actor, step: 3, train_loss: -nan
TORCHFORT::WANDB: model: actor, step: 3, train_lr: 0.001
TORCHFORT::WANDB: model: rlwm, step: 2, actor_loss: -nan
TORCHFORT::WANDB: model: rlwm, step: 2, critic_loss: nan
TORCHFORT::WANDB: model: critic_0, step: 4, train_loss: nan
TORCHFORT::WANDB: model: critic_0, step: 4, train_lr: 0.000999999
TORCHFORT::WANDB: model: actor, step: 4, train_loss: nan
TORCHFORT::WANDB: model: actor, step: 4, train_lr: 0.000999999
TORCHFORT::WANDB: model: rlwm, step: 2, actor_loss: nan
TORCHFORT::WANDB: model: rlwm, step: 2, critic_loss: nan
TORCHFORT::WANDB: model: critic_0, step: 5, train_loss: nan
TORCHFORT::WANDB: model: critic_0, step: 5, train_lr: 0.000999998
TORCHFORT::WANDB: model: actor, step: 5, train_loss: nan
TORCHFORT::WANDB: model: actor, step: 5, train_lr: 0.000999998
TORCHFORT::WANDB: model: rlwm, step: 3, actor_loss: nan
TORCHFORT::WANDB: model: rlwm, step: 3, critic_loss: nan
TORCHFORT::WANDB: model: critic_0, step: 6, train_loss: nan
TORCHFORT::WANDB: model: critic_0, step: 6, train_lr: 0.000999998
TORCHFORT::WANDB: model: actor, step: 6, train_loss: nan
TORCHFORT::WANDB: model: actor, step: 6, train_lr: 0.000999998
TORCHFORT::WANDB: model: rlwm, step: 3, actor_loss: nan
TORCHFORT::WANDB: model: rlwm, step: 3, critic_loss: nan
TORCHFORT::WANDB: model: critic_0, step: 7, train_loss: nan
TORCHFORT::WANDB: model: critic_0, step: 7, train_lr: 0.000999996
TORCHFORT::WANDB: model: actor, step: 7, train_loss: nan
TORCHFORT::WANDB: model: actor, step: 7, train_lr: 0.000999996
TORCHFORT::WANDB: model: rlwm, step: 4, actor_loss: nan
TORCHFORT::WANDB: model: rlwm, step: 4, critic_loss: nan
TORCHFORT::WANDB: model: critic_0, step: 1, train_loss: inf
TORCHFORT::WANDB: model: critic_0, step: 1, train_lr: 0.001
TORCHFORT::WANDB: model: actor, step: 1, train_loss: 0.162339
TORCHFORT::WANDB: model: actor, step: 1, train_lr: 0.001
TORCHFORT::WANDB: model: rlwm, step: 1, actor_loss: 0.162339
TORCHFORT::WANDB: model: rlwm, step: 1, critic_loss: inf
TORCHFORT::WANDB: model: critic_0, step: 2, train_loss: nan
TORCHFORT::WANDB: model: critic_0, step: 2, train_lr: 0.001
TORCHFORT::WANDB: model: actor, step: 2, train_loss: -nan
TORCHFORT::WANDB: model: actor, step: 2, train_lr: 0.001
TORCHFORT::WANDB: model: rlwm, step: 1, actor_loss: -nan
TORCHFORT::WANDB: model: rlwm, step: 1, critic_loss: nan
TORCHFORT::WANDB: model: critic_0, step: 3, train_loss: nan
TORCHFORT::WANDB: model: critic_0, step: 3, train_lr: 0.001
TORCHFORT::WANDB: model: actor, step: 3, train_loss: nan
TORCHFORT::WANDB: model: actor, step: 3, train_lr: 0.001
TORCHFORT::WANDB: model: rlwm, step: 2, actor_loss: nan
TORCHFORT::WANDB: model: rlwm, step: 2, critic_loss: nan
TORCHFORT::WANDB: model: critic_0, step: 4, train_loss: -nan
TORCHFORT::WANDB: model: critic_0, step: 4, train_lr: 0.000999999
TORCHFORT::WANDB: model: actor, step: 4, train_loss: -nan
TORCHFORT::WANDB: model: actor, step: 4, train_lr: 0.000999999
TORCHFORT::WANDB: model: rlwm, step: 2, actor_loss: -nan
TORCHFORT::WANDB: model: rlwm, step: 2, critic_loss: -nan
TORCHFORT::WANDB: model: critic_0, step: 1, train_loss: 5.45551e+26
TORCHFORT::WANDB: model: critic_0, step: 1, train_lr: 0.001
TORCHFORT::WANDB: model: actor, step: 1, train_loss: -0.549922
TORCHFORT::WANDB: model: actor, step: 1, train_lr: 0.001
TORCHFORT::WANDB: model: rlwm, step: 1, actor_loss: -0.549922
TORCHFORT::WANDB: model: rlwm, step: 1, critic_loss: 5.45551e+26
TORCHFORT::WANDB: model: critic_0, step: 2, train_loss: nan
TORCHFORT::WANDB: model: critic_0, step: 2, train_lr: 0.001
TORCHFORT::WANDB: model: actor, step: 2, train_loss: -nan
TORCHFORT::WANDB: model: actor, step: 2, train_lr: 0.001
TORCHFORT::WANDB: model: rlwm, step: 1, actor_loss: -nan
TORCHFORT::WANDB: model: rlwm, step: 1, critic_loss: nan
TORCHFORT::WANDB: model: critic_0, step: 1, train_loss: -nan
TORCHFORT::WANDB: model: critic_0, step: 1, train_lr: 0.001
TORCHFORT::WANDB: model: actor, step: 1, train_loss: -nan
TORCHFORT::WANDB: model: actor, step: 1, train_lr: 0.001
TORCHFORT::WANDB: model: rlwm, step: 1, actor_loss: -nan
TORCHFORT::WANDB: model: rlwm, step: 1, critic_loss: -nan
TORCHFORT::WANDB: model: critic_0, step: 2, train_loss: nan
TORCHFORT::WANDB: model: critic_0, step: 2, train_lr: 0.001
TORCHFORT::WANDB: model: actor, step: 2, train_loss: nan
TORCHFORT::WANDB: model: actor, step: 2, train_lr: 0.001
TORCHFORT::WANDB: model: rlwm, step: 1, actor_loss: nan
TORCHFORT::WANDB: model: rlwm, step: 1, critic_loss: nan
TORCHFORT::WANDB: model: critic_0, step: 1, train_loss: 228.108
TORCHFORT::WANDB: model: critic_0, step: 1, train_lr: 0.001
TORCHFORT::WANDB: model: actor, step: 1, train_loss: -0.0176531
TORCHFORT::WANDB: model: actor, step: 1, train_lr: 0.001
TORCHFORT::WANDB: model: rlwm, step: 2, actor_loss: -0.0176531
TORCHFORT::WANDB: model: rlwm, step: 2, critic_loss: 228.108
TORCHFORT::WANDB: model: critic_0, step: 2, train_loss: nan
TORCHFORT::WANDB: model: critic_0, step: 2, train_lr: 0.001
TORCHFORT::WANDB: model: actor, step: 2, train_loss: -nan
TORCHFORT::WANDB: model: actor, step: 2, train_lr: 0.001
TORCHFORT::WANDB: model: rlwm, step: 2, actor_loss: -nan
TORCHFORT::WANDB: model: rlwm, step: 2, critic_loss: nan
TORCHFORT::WANDB: model: critic_0, step: 3, train_loss: nan
TORCHFORT::WANDB: model: critic_0, step: 3, train_lr: 0.001
TORCHFORT::WANDB: model: actor, step: 3, train_loss: -nan
TORCHFORT::WANDB: model: actor, step: 3, train_lr: 0.001
TORCHFORT::WANDB: model: rlwm, step: 3, actor_loss: -nan
TORCHFORT::WANDB: model: rlwm, step: 3, critic_loss: nan
TORCHFORT::WANDB: model: critic_0, step: 4, train_loss: nan
TORCHFORT::WANDB: model: critic_0, step: 4, train_lr: 0.000999999
TORCHFORT::WANDB: model: actor, step: 4, train_loss: nan
TORCHFORT::WANDB: model: actor, step: 4, train_lr: 0.000999999
TORCHFORT::WANDB: model: rlwm, step: 3, actor_loss: nan
TORCHFORT::WANDB: model: rlwm, step: 3, critic_loss: nan
TORCHFORT::WANDB: model: critic_0, step: 5, train_loss: nan
TORCHFORT::WANDB: model: critic_0, step: 5, train_lr: 0.000999998
TORCHFORT::WANDB: model: actor, step: 5, train_loss: nan
TORCHFORT::WANDB: model: actor, step: 5, train_lr: 0.000999998
TORCHFORT::WANDB: model: rlwm, step: 4, actor_loss: nan
TORCHFORT::WANDB: model: rlwm, step: 4, critic_loss: nan
TORCHFORT::WANDB: model: critic_0, step: 6, train_loss: nan
TORCHFORT::WANDB: model: critic_0, step: 6, train_lr: 0.000999998
TORCHFORT::WANDB: model: actor, step: 6, train_loss: nan
TORCHFORT::WANDB: model: actor, step: 6, train_lr: 0.000999998
TORCHFORT::WANDB: model: rlwm, step: 4, actor_loss: nan
TORCHFORT::WANDB: model: rlwm, step: 4, critic_loss: nan
TORCHFORT::WANDB: model: critic_0, step: 1, train_loss: 9.09114e+09
TORCHFORT::WANDB: model: critic_0, step: 1, train_lr: 0.001
TORCHFORT::WANDB: model: actor, step: 1, train_loss: -15.0811
TORCHFORT::WANDB: model: actor, step: 1, train_lr: 0.001
TORCHFORT::WANDB: model: rlwm, step: 2, actor_loss: -15.0811
TORCHFORT::WANDB: model: rlwm, step: 2, critic_loss: 9.09114e+09
TORCHFORT::WANDB: model: critic_0, step: 2, train_loss: nan
TORCHFORT::WANDB: model: critic_0, step: 2, train_lr: 0.001
TORCHFORT::WANDB: model: actor, step: 2, train_loss: nan
TORCHFORT::WANDB: model: actor, step: 2, train_lr: 0.001
TORCHFORT::WANDB: model: rlwm, step: 2, actor_loss: nan
TORCHFORT::WANDB: model: rlwm, step: 2, critic_loss: nan
TORCHFORT::WANDB: model: critic_0, step: 3, train_loss: -nan
TORCHFORT::WANDB: model: critic_0, step: 3, train_lr: 0.001
TORCHFORT::WANDB: model: actor, step: 3, train_loss: -nan
TORCHFORT::WANDB: model: actor, step: 3, train_lr: 0.001
TORCHFORT::WANDB: model: rlwm, step: 3, actor_loss: -nan
TORCHFORT::WANDB: model: rlwm, step: 3, critic_loss: -nan
TORCHFORT::WANDB: model: critic_0, step: 4, train_loss: nan
TORCHFORT::WANDB: model: critic_0, step: 4, train_lr: 0.000999999
TORCHFORT::WANDB: model: actor, step: 4, train_loss: -nan
TORCHFORT::WANDB: model: actor, step: 4, train_lr: 0.000999999
TORCHFORT::WANDB: model: rlwm, step: 3, actor_loss: -nan
TORCHFORT::WANDB: model: rlwm, step: 3, critic_loss: nan
TORCHFORT::WANDB: model: critic_0, step: 5, train_loss: -nan
TORCHFORT::WANDB: model: critic_0, step: 5, train_lr: 0.000999998
TORCHFORT::WANDB: model: actor, step: 5, train_loss: -nan
TORCHFORT::WANDB: model: actor, step: 5, train_lr: 0.000999998
TORCHFORT::WANDB: model: rlwm, step: 4, actor_loss: -nan
TORCHFORT::WANDB: model: rlwm, step: 4, critic_loss: -nan
TORCHFORT::WANDB: model: critic_0, step: 1, train_loss: inf
TORCHFORT::WANDB: model: critic_0, step: 1, train_lr: 0.001
TORCHFORT::WANDB: model: actor, step: 1, train_loss: nan
TORCHFORT::WANDB: model: actor, step: 1, train_lr: 0.001
TORCHFORT::WANDB: model: rlwm, step: 3, actor_loss: nan
TORCHFORT::WANDB: model: rlwm, step: 3, critic_loss: inf
TORCHFORT::WANDB: model: critic_0, step: 2, train_loss: -nan
TORCHFORT::WANDB: model: critic_0, step: 2, train_lr: 0.001
TORCHFORT::WANDB: model: actor, step: 2, train_loss: nan
TORCHFORT::WANDB: model: actor, step: 2, train_lr: 0.001
TORCHFORT::WANDB: model: rlwm, step: 3, actor_loss: nan
TORCHFORT::WANDB: model: rlwm, step: 3, critic_loss: -nan
TORCHFORT::WANDB: model: critic_0, step: 3, train_loss: -nan
TORCHFORT::WANDB: model: critic_0, step: 3, train_lr: 0.001
TORCHFORT::WANDB: model: actor, step: 3, train_loss: nan
TORCHFORT::WANDB: model: actor, step: 3, train_lr: 0.001
TORCHFORT::WANDB: model: rlwm, step: 4, actor_loss: nan
TORCHFORT::WANDB: model: rlwm, step: 4, critic_loss: -nan
TORCHFORT::WANDB: model: critic_0, step: 4, train_loss: -nan
TORCHFORT::WANDB: model: critic_0, step: 4, train_lr: 0.000999999
TORCHFORT::WANDB: model: actor, step: 4, train_loss: nan
TORCHFORT::WANDB: model: actor, step: 4, train_lr: 0.000999999
TORCHFORT::WANDB: model: rlwm, step: 4, actor_loss: nan
TORCHFORT::WANDB: model: rlwm, step: 4, critic_loss: -nan
TORCHFORT::WANDB: model: critic_0, step: 1, train_loss: inf
TORCHFORT::WANDB: model: critic_0, step: 1, train_lr: 0.001
TORCHFORT::WANDB: model: actor, step: 1, train_loss: nan
TORCHFORT::WANDB: model: actor, step: 1, train_lr: 0.001
TORCHFORT::WANDB: model: rlwm, step: 4, actor_loss: nan
TORCHFORT::WANDB: model: rlwm, step: 4, critic_loss: inf
TORCHFORT::WANDB: model: critic_0, step: 2, train_loss: -nan
TORCHFORT::WANDB: model: critic_0, step: 2, train_lr: 0.001
TORCHFORT::WANDB: model: actor, step: 2, train_loss: nan
TORCHFORT::WANDB: model: actor, step: 2, train_lr: 0.001
TORCHFORT::WANDB: model: rlwm, step: 4, actor_loss: nan
TORCHFORT::WANDB: model: rlwm, step: 4, critic_loss: -nan
TORCHFORT::WANDB: model: critic_0, step: 3, train_loss: -nan
TORCHFORT::WANDB: model: critic_0, step: 3, train_lr: 0.001
TORCHFORT::WANDB: model: actor, step: 3, train_loss: nan
TORCHFORT::WANDB: model: actor, step: 3, train_lr: 0.001
TORCHFORT::WANDB: model: rlwm, step: 5, actor_loss: nan
TORCHFORT::WANDB: model: rlwm, step: 5, critic_loss: -nan
TORCHFORT::WANDB: model: critic_0, step: 4, train_loss: -nan
TORCHFORT::WANDB: model: critic_0, step: 4, train_lr: 0.000999999
TORCHFORT::WANDB: model: actor, step: 4, train_loss: nan
TORCHFORT::WANDB: model: actor, step: 4, train_lr: 0.000999999
TORCHFORT::WANDB: model: rlwm, step: 5, actor_loss: nan
TORCHFORT::WANDB: model: rlwm, step: 5, critic_loss: -nan
TORCHFORT::WANDB: model: critic_0, step: 1, train_loss: inf
TORCHFORT::WANDB: model: critic_0, step: 1, train_lr: 0.001
TORCHFORT::WANDB: model: actor, step: 1, train_loss: nan
TORCHFORT::WANDB: model: actor, step: 1, train_lr: 0.001
TORCHFORT::WANDB: model: rlwm, step: 4, actor_loss: nan
TORCHFORT::WANDB: model: rlwm, step: 4, critic_loss: inf
TORCHFORT::WANDB: model: critic_0, step: 2, train_loss: -nan
TORCHFORT::WANDB: model: critic_0, step: 2, train_lr: 0.001
TORCHFORT::WANDB: model: actor, step: 2, train_loss: nan
TORCHFORT::WANDB: model: actor, step: 2, train_lr: 0.001
TORCHFORT::WANDB: model: rlwm, step: 4, actor_loss: nan
TORCHFORT::WANDB: model: rlwm, step: 4, critic_loss: -nan
TORCHFORT::WANDB: model: critic_0, step: 1, train_loss: inf
TORCHFORT::WANDB: model: critic_0, step: 1, train_lr: 0.001
TORCHFORT::WANDB: model: actor, step: 1, train_loss: nan
TORCHFORT::WANDB: model: actor, step: 1, train_lr: 0.001
TORCHFORT::WANDB: model: rlwm, step: 4, actor_loss: nan
TORCHFORT::WANDB: model: rlwm, step: 4, critic_loss: inf
TORCHFORT::WANDB: model: critic_0, step: 2, train_loss: -nan
TORCHFORT::WANDB: model: critic_0, step: 2, train_lr: 0.001
TORCHFORT::WANDB: model: actor, step: 2, train_loss: nan
TORCHFORT::WANDB: model: actor, step: 2, train_lr: 0.001
TORCHFORT::WANDB: model: rlwm, step: 4, actor_loss: nan
TORCHFORT::WANDB: model: rlwm, step: 4, critic_loss: -nan
TORCHFORT::WANDB: model: critic_0, step: 3, train_loss: -nan
TORCHFORT::WANDB: model: critic_0, step: 3, train_lr: 0.001
TORCHFORT::WANDB: model: actor, step: 3, train_loss: nan
TORCHFORT::WANDB: model: actor, step: 3, train_lr: 0.001
TORCHFORT::WANDB: model: rlwm, step: 5, actor_loss: nan
TORCHFORT::WANDB: model: rlwm, step: 5, critic_loss: -nan
TORCHFORT::WANDB: model: critic_0, step: 4, train_loss: -nan
TORCHFORT::WANDB: model: critic_0, step: 4, train_lr: 0.000999999
TORCHFORT::WANDB: model: actor, step: 4, train_loss: nan
TORCHFORT::WANDB: model: actor, step: 4, train_lr: 0.000999999
TORCHFORT::WANDB: model: rlwm, step: 5, actor_loss: nan
TORCHFORT::WANDB: model: rlwm, step: 5, critic_loss: -nan
TORCHFORT::WANDB: model: critic_0, step: 5, train_loss: -nan
TORCHFORT::WANDB: model: critic_0, step: 5, train_lr: 0.000999998
TORCHFORT::WANDB: model: actor, step: 5, train_loss: nan
TORCHFORT::WANDB: model: actor, step: 5, train_lr: 0.000999998
TORCHFORT::WANDB: model: rlwm, step: 6, actor_loss: nan
TORCHFORT::WANDB: model: rlwm, step: 6, critic_loss: -nan
TORCHFORT::WANDB: model: critic_0, step: 6, train_loss: -nan
TORCHFORT::WANDB: model: critic_0, step: 6, train_lr: 0.000999998
TORCHFORT::WANDB: model: actor, step: 6, train_loss: nan
TORCHFORT::WANDB: model: actor, step: 6, train_lr: 0.000999998
TORCHFORT::WANDB: model: rlwm, step: 6, actor_loss: nan
TORCHFORT::WANDB: model: rlwm, step: 6, critic_loss: -nan
TORCHFORT::WANDB: model: critic_0, step: 1, train_loss: inf
TORCHFORT::WANDB: model: critic_0, step: 1, train_lr: 0.001
TORCHFORT::WANDB: model: actor, step: 1, train_loss: nan
TORCHFORT::WANDB: model: actor, step: 1, train_lr: 0.001
TORCHFORT::WANDB: model: rlwm, step: 4, actor_loss: nan
TORCHFORT::WANDB: model: rlwm, step: 4, critic_loss: inf
TORCHFORT::WANDB: model: critic_0, step: 2, train_loss: -nan
TORCHFORT::WANDB: model: critic_0, step: 2, train_lr: 0.001
TORCHFORT::WANDB: model: actor, step: 2, train_loss: nan
TORCHFORT::WANDB: model: actor, step: 2, train_lr: 0.001
TORCHFORT::WANDB: model: rlwm, step: 4, actor_loss: nan
TORCHFORT::WANDB: model: rlwm, step: 4, critic_loss: -nan
TORCHFORT::WANDB: model: critic_0, step: 3, train_loss: -nan
TORCHFORT::WANDB: model: critic_0, step: 3, train_lr: 0.001
TORCHFORT::WANDB: model: actor, step: 3, train_loss: nan
TORCHFORT::WANDB: model: actor, step: 3, train_lr: 0.001
TORCHFORT::WANDB: model: rlwm, step: 5, actor_loss: nan
TORCHFORT::WANDB: model: rlwm, step: 5, critic_loss: -nan
TORCHFORT::WANDB: model: critic_0, step: 4, train_loss: -nan
TORCHFORT::WANDB: model: critic_0, step: 4, train_lr: 0.000999999
TORCHFORT::WANDB: model: actor, step: 4, train_loss: nan
TORCHFORT::WANDB: model: actor, step: 4, train_lr: 0.000999999
TORCHFORT::WANDB: model: rlwm, step: 5, actor_loss: nan
TORCHFORT::WANDB: model: rlwm, step: 5, critic_loss: -nan
TORCHFORT::WANDB: model: critic_0, step: 5, train_loss: -nan
TORCHFORT::WANDB: model: critic_0, step: 5, train_lr: 0.000999998
TORCHFORT::WANDB: model: actor, step: 5, train_loss: nan
TORCHFORT::WANDB: model: actor, step: 5, train_lr: 0.000999998
TORCHFORT::WANDB: model: rlwm, step: 6, actor_loss: nan
TORCHFORT::WANDB: model: rlwm, step: 6, critic_loss: -nan
TORCHFORT::WANDB: model: critic_0, step: 6, train_loss: -nan
TORCHFORT::WANDB: model: critic_0, step: 6, train_lr: 0.000999998
TORCHFORT::WANDB: model: actor, step: 6, train_loss: nan
TORCHFORT::WANDB: model: actor, step: 6, train_lr: 0.000999998
TORCHFORT::WANDB: model: rlwm, step: 6, actor_loss: nan
TORCHFORT::WANDB: model: rlwm, step: 6, critic_loss: -nan
TORCHFORT::WANDB: model: critic_0, step: 1, train_loss: inf
TORCHFORT::WANDB: model: critic_0, step: 1, train_lr: 0.001
TORCHFORT::WANDB: model: actor, step: 1, train_loss: nan
TORCHFORT::WANDB: model: actor, step: 1, train_lr: 0.001
TORCHFORT::WANDB: model: rlwm, step: 4, actor_loss: nan
TORCHFORT::WANDB: model: rlwm, step: 4, critic_loss: inf
TORCHFORT::WANDB: model: critic_0, step: 2, train_loss: -nan
TORCHFORT::WANDB: model: critic_0, step: 2, train_lr: 0.001
TORCHFORT::WANDB: model: actor, step: 2, train_loss: nan
TORCHFORT::WANDB: model: actor, step: 2, train_lr: 0.001
TORCHFORT::WANDB: model: rlwm, step: 4, actor_loss: nan
TORCHFORT::WANDB: model: rlwm, step: 4, critic_loss: -nan
TORCHFORT::WANDB: model: critic_0, step: 3, train_loss: -nan
TORCHFORT::WANDB: model: critic_0, step: 3, train_lr: 0.001
TORCHFORT::WANDB: model: actor, step: 3, train_loss: nan
TORCHFORT::WANDB: model: actor, step: 3, train_lr: 0.001
TORCHFORT::WANDB: model: rlwm, step: 5, actor_loss: nan
TORCHFORT::WANDB: model: rlwm, step: 5, critic_loss: -nan
TORCHFORT::WANDB: model: critic_0, step: 1, train_loss: inf
TORCHFORT::WANDB: model: critic_0, step: 1, train_lr: 0.001
TORCHFORT::WANDB: model: actor, step: 1, train_loss: nan
TORCHFORT::WANDB: model: actor, step: 1, train_lr: 0.001
TORCHFORT::WANDB: model: rlwm, step: 4, actor_loss: nan
TORCHFORT::WANDB: model: rlwm, step: 4, critic_loss: inf
TORCHFORT::WANDB: model: critic_0, step: 2, train_loss: -nan
TORCHFORT::WANDB: model: critic_0, step: 2, train_lr: 0.001
TORCHFORT::WANDB: model: actor, step: 2, train_loss: nan
TORCHFORT::WANDB: model: actor, step: 2, train_lr: 0.001
TORCHFORT::WANDB: model: rlwm, step: 4, actor_loss: nan
TORCHFORT::WANDB: model: rlwm, step: 4, critic_loss: -nan
TORCHFORT::WANDB: model: critic_0, step: 3, train_loss: -nan
TORCHFORT::WANDB: model: critic_0, step: 3, train_lr: 0.001
TORCHFORT::WANDB: model: actor, step: 3, train_loss: nan
TORCHFORT::WANDB: model: actor, step: 3, train_lr: 0.001
TORCHFORT::WANDB: model: rlwm, step: 5, actor_loss: nan
TORCHFORT::WANDB: model: rlwm, step: 5, critic_loss: -nan
TORCHFORT::WANDB: model: critic_0, step: 4, train_loss: -nan
TORCHFORT::WANDB: model: critic_0, step: 4, train_lr: 0.000999999
TORCHFORT::WANDB: model: actor, step: 4, train_loss: nan
TORCHFORT::WANDB: model: actor, step: 4, train_lr: 0.000999999
TORCHFORT::WANDB: model: rlwm, step: 5, actor_loss: nan
TORCHFORT::WANDB: model: rlwm, step: 5, critic_loss: -nan
TORCHFORT::WANDB: model: critic_0, step: 5, train_loss: -nan
TORCHFORT::WANDB: model: critic_0, step: 5, train_lr: 0.000999998
TORCHFORT::WANDB: model: actor, step: 5, train_loss: nan
TORCHFORT::WANDB: model: actor, step: 5, train_lr: 0.000999998
TORCHFORT::WANDB: model: rlwm, step: 6, actor_loss: nan
TORCHFORT::WANDB: model: rlwm, step: 6, critic_loss: -nan
TORCHFORT::WANDB: model: critic_0, step: 6, train_loss: -nan
TORCHFORT::WANDB: model: critic_0, step: 6, train_lr: 0.000999998
TORCHFORT::WANDB: model: actor, step: 6, train_loss: nan
TORCHFORT::WANDB: model: actor, step: 6, train_lr: 0.000999998
TORCHFORT::WANDB: model: rlwm, step: 6, actor_loss: nan
TORCHFORT::WANDB: model: rlwm, step: 6, critic_loss: -nan
TORCHFORT::WANDB: model: critic_0, step: 1, train_loss: inf
TORCHFORT::WANDB: model: critic_0, step: 1, train_lr: 0.001
TORCHFORT::WANDB: model: actor, step: 1, train_loss: nan
TORCHFORT::WANDB: model: actor, step: 1, train_lr: 0.001
TORCHFORT::WANDB: model: rlwm, step: 4, actor_loss: nan
TORCHFORT::WANDB: model: rlwm, step: 4, critic_loss: inf
TORCHFORT::WANDB: model: critic_0, step: 2, train_loss: -nan
TORCHFORT::WANDB: model: critic_0, step: 2, train_lr: 0.001
TORCHFORT::WANDB: model: actor, step: 2, train_loss: nan
TORCHFORT::WANDB: model: actor, step: 2, train_lr: 0.001
TORCHFORT::WANDB: model: rlwm, step: 4, actor_loss: nan
TORCHFORT::WANDB: model: rlwm, step: 4, critic_loss: -nan
TORCHFORT::WANDB: model: critic_0, step: 1, train_loss: inf
TORCHFORT::WANDB: model: critic_0, step: 1, train_lr: 0.001
TORCHFORT::WANDB: model: actor, step: 1, train_loss: nan
TORCHFORT::WANDB: model: actor, step: 1, train_lr: 0.001
TORCHFORT::WANDB: model: rlwm, step: 4, actor_loss: nan
TORCHFORT::WANDB: model: rlwm, step: 4, critic_loss: inf
TORCHFORT::WANDB: model: critic_0, step: 2, train_loss: -nan
TORCHFORT::WANDB: model: critic_0, step: 2, train_lr: 0.001
TORCHFORT::WANDB: model: actor, step: 2, train_loss: nan
TORCHFORT::WANDB: model: actor, step: 2, train_lr: 0.001
TORCHFORT::WANDB: model: rlwm, step: 4, actor_loss: nan
TORCHFORT::WANDB: model: rlwm, step: 4, critic_loss: -nan
TORCHFORT::WANDB: model: critic_0, step: 1, train_loss: inf
TORCHFORT::WANDB: model: critic_0, step: 1, train_lr: 0.001
TORCHFORT::WANDB: model: actor, step: 1, train_loss: nan
TORCHFORT::WANDB: model: actor, step: 1, train_lr: 0.001
TORCHFORT::WANDB: model: rlwm, step: 4, actor_loss: nan
TORCHFORT::WANDB: model: rlwm, step: 4, critic_loss: inf
TORCHFORT::WANDB: model: critic_0, step: 2, train_loss: -nan
TORCHFORT::WANDB: model: critic_0, step: 2, train_lr: 0.001
TORCHFORT::WANDB: model: actor, step: 2, train_loss: nan
TORCHFORT::WANDB: model: actor, step: 2, train_lr: 0.001
TORCHFORT::WANDB: model: rlwm, step: 4, actor_loss: nan
TORCHFORT::WANDB: model: rlwm, step: 4, critic_loss: -nan
TORCHFORT::WANDB: model: critic_0, step: 3, train_loss: -nan
TORCHFORT::WANDB: model: critic_0, step: 3, train_lr: 0.001
TORCHFORT::WANDB: model: actor, step: 3, train_loss: nan
TORCHFORT::WANDB: model: actor, step: 3, train_lr: 0.001
TORCHFORT::WANDB: model: rlwm, step: 5, actor_loss: nan
TORCHFORT::WANDB: model: rlwm, step: 5, critic_loss: -nan
TORCHFORT::WANDB: model: critic_0, step: 4, train_loss: -nan
TORCHFORT::WANDB: model: critic_0, step: 4, train_lr: 0.000999999
TORCHFORT::WANDB: model: actor, step: 4, train_loss: nan
TORCHFORT::WANDB: model: actor, step: 4, train_lr: 0.000999999
TORCHFORT::WANDB: model: rlwm, step: 5, actor_loss: nan
TORCHFORT::WANDB: model: rlwm, step: 5, critic_loss: -nan
TORCHFORT::WANDB: model: critic_0, step: 1, train_loss: inf
TORCHFORT::WANDB: model: critic_0, step: 1, train_lr: 0.001
TORCHFORT::WANDB: model: actor, step: 1, train_loss: 4.21921e+18
TORCHFORT::WANDB: model: actor, step: 1, train_lr: 0.001
TORCHFORT::WANDB: model: rlwm, step: 4, actor_loss: 4.21921e+18
TORCHFORT::WANDB: model: rlwm, step: 4, critic_loss: inf
TORCHFORT::WANDB: model: critic_0, step: 2, train_loss: -nan
TORCHFORT::WANDB: model: critic_0, step: 2, train_lr: 0.001
TORCHFORT::WANDB: model: actor, step: 2, train_loss: -nan
TORCHFORT::WANDB: model: actor, step: 2, train_lr: 0.001
TORCHFORT::WANDB: model: rlwm, step: 4, actor_loss: -nan
TORCHFORT::WANDB: model: rlwm, step: 4, critic_loss: -nan
TORCHFORT::WANDB: model: critic_0, step: 3, train_loss: nan
TORCHFORT::WANDB: model: critic_0, step: 3, train_lr: 0.001
TORCHFORT::WANDB: model: actor, step: 3, train_loss: nan
TORCHFORT::WANDB: model: actor, step: 3, train_lr: 0.001
TORCHFORT::WANDB: model: rlwm, step: 5, actor_loss: nan
TORCHFORT::WANDB: model: rlwm, step: 5, critic_loss: nan
TORCHFORT::WANDB: model: critic_0, step: 4, train_loss: nan
TORCHFORT::WANDB: model: critic_0, step: 4, train_lr: 0.000999999
TORCHFORT::WANDB: model: actor, step: 4, train_loss: nan
TORCHFORT::WANDB: model: actor, step: 4, train_lr: 0.000999999
TORCHFORT::WANDB: model: rlwm, step: 5, actor_loss: nan
TORCHFORT::WANDB: model: rlwm, step: 5, critic_loss: nan
TORCHFORT::WANDB: model: critic_0, step: 5, train_loss: nan
TORCHFORT::WANDB: model: critic_0, step: 5, train_lr: 0.000999998
TORCHFORT::WANDB: model: actor, step: 5, train_loss: nan
TORCHFORT::WANDB: model: actor, step: 5, train_lr: 0.000999998
TORCHFORT::WANDB: model: rlwm, step: 6, actor_loss: nan
TORCHFORT::WANDB: model: rlwm, step: 6, critic_loss: nan
TORCHFORT::WANDB: model: critic_0, step: 6, train_loss: nan
TORCHFORT::WANDB: model: critic_0, step: 6, train_lr: 0.000999998
TORCHFORT::WANDB: model: actor, step: 6, train_loss: nan
TORCHFORT::WANDB: model: actor, step: 6, train_lr: 0.000999998
TORCHFORT::WANDB: model: rlwm, step: 6, actor_loss: nan
TORCHFORT::WANDB: model: rlwm, step: 6, critic_loss: nan
TORCHFORT::WANDB: model: critic_0, step: 7, train_loss: nan
TORCHFORT::WANDB: model: critic_0, step: 7, train_lr: 0.000999996
TORCHFORT::WANDB: model: actor, step: 7, train_loss: nan
TORCHFORT::WANDB: model: actor, step: 7, train_lr: 0.000999996
TORCHFORT::WANDB: model: rlwm, step: 7, actor_loss: nan
TORCHFORT::WANDB: model: rlwm, step: 7, critic_loss: nan
TORCHFORT::WANDB: model: critic_0, step: 8, train_loss: nan
TORCHFORT::WANDB: model: critic_0, step: 8, train_lr: 0.000999995
TORCHFORT::WANDB: model: actor, step: 8, train_loss: nan
TORCHFORT::WANDB: model: actor, step: 8, train_lr: 0.000999995
TORCHFORT::WANDB: model: rlwm, step: 7, actor_loss: nan
TORCHFORT::WANDB: model: rlwm, step: 7, critic_loss: nan
TORCHFORT::WANDB: model: critic_0, step: 9, train_loss: nan
TORCHFORT::WANDB: model: critic_0, step: 9, train_lr: 0.000999994
TORCHFORT::WANDB: model: actor, step: 9, train_loss: nan
TORCHFORT::WANDB: model: actor, step: 9, train_lr: 0.000999994
TORCHFORT::WANDB: model: rlwm, step: 8, actor_loss: nan
TORCHFORT::WANDB: model: rlwm, step: 8, critic_loss: nan
TORCHFORT::WANDB: model: critic_0, step: 10, train_loss: nan
TORCHFORT::WANDB: model: critic_0, step: 10, train_lr: 0.000999992
TORCHFORT::WANDB: model: actor, step: 10, train_loss: nan
TORCHFORT::WANDB: model: actor, step: 10, train_lr: 0.000999992
TORCHFORT::WANDB: model: rlwm, step: 8, actor_loss: nan
TORCHFORT::WANDB: model: rlwm, step: 8, critic_loss: nan
TORCHFORT::WANDB: model: critic_0, step: 1, train_loss: inf
TORCHFORT::WANDB: model: critic_0, step: 1, train_lr: 0.001
TORCHFORT::WANDB: model: actor, step: 1, train_loss: nan
TORCHFORT::WANDB: model: actor, step: 1, train_lr: 0.001
TORCHFORT::WANDB: model: rlwm, step: 4, actor_loss: nan
TORCHFORT::WANDB: model: rlwm, step: 4, critic_loss: inf
TORCHFORT::WANDB: model: critic_0, step: 2, train_loss: -nan
TORCHFORT::WANDB: model: critic_0, step: 2, train_lr: 0.001
TORCHFORT::WANDB: model: actor, step: 2, train_loss: nan
TORCHFORT::WANDB: model: actor, step: 2, train_lr: 0.001
TORCHFORT::WANDB: model: rlwm, step: 4, actor_loss: nan
TORCHFORT::WANDB: model: rlwm, step: 4, critic_loss: -nan
TORCHFORT::WANDB: model: critic_0, step: 3, train_loss: -nan
TORCHFORT::WANDB: model: critic_0, step: 3, train_lr: 0.001
TORCHFORT::WANDB: model: actor, step: 3, train_loss: nan
TORCHFORT::WANDB: model: actor, step: 3, train_lr: 0.001
TORCHFORT::WANDB: model: rlwm, step: 5, actor_loss: nan
TORCHFORT::WANDB: model: rlwm, step: 5, critic_loss: -nan
TORCHFORT::WANDB: model: critic_0, step: 4, train_loss: -nan
TORCHFORT::WANDB: model: critic_0, step: 4, train_lr: 0.000999999
TORCHFORT::WANDB: model: actor, step: 4, train_loss: nan
TORCHFORT::WANDB: model: actor, step: 4, train_lr: 0.000999999
TORCHFORT::WANDB: model: rlwm, step: 5, actor_loss: nan
TORCHFORT::WANDB: model: rlwm, step: 5, critic_loss: -nan
TORCHFORT::WANDB: model: critic_0, step: 5, train_loss: -nan
TORCHFORT::WANDB: model: critic_0, step: 5, train_lr: 0.000999998
TORCHFORT::WANDB: model: actor, step: 5, train_loss: nan
TORCHFORT::WANDB: model: actor, step: 5, train_lr: 0.000999998
TORCHFORT::WANDB: model: rlwm, step: 6, actor_loss: nan
TORCHFORT::WANDB: model: rlwm, step: 6, critic_loss: -nan
TORCHFORT::WANDB: model: critic_0, step: 6, train_loss: -nan
TORCHFORT::WANDB: model: critic_0, step: 6, train_lr: 0.000999998
TORCHFORT::WANDB: model: actor, step: 6, train_loss: nan
TORCHFORT::WANDB: model: actor, step: 6, train_lr: 0.000999998
TORCHFORT::WANDB: model: rlwm, step: 6, actor_loss: nan
TORCHFORT::WANDB: model: rlwm, step: 6, critic_loss: -nan
TORCHFORT::WANDB: model: critic_0, step: 7, train_loss: -nan
TORCHFORT::WANDB: model: critic_0, step: 7, train_lr: 0.000999996
TORCHFORT::WANDB: model: actor, step: 7, train_loss: nan
TORCHFORT::WANDB: model: actor, step: 7, train_lr: 0.000999996
TORCHFORT::WANDB: model: rlwm, step: 7, actor_loss: nan
TORCHFORT::WANDB: model: rlwm, step: 7, critic_loss: -nan
TORCHFORT::WANDB: model: critic_0, step: 8, train_loss: -nan
TORCHFORT::WANDB: model: critic_0, step: 8, train_lr: 0.000999995
TORCHFORT::WANDB: model: actor, step: 8, train_loss: nan
TORCHFORT::WANDB: model: actor, step: 8, train_lr: 0.000999995
TORCHFORT::WANDB: model: rlwm, step: 7, actor_loss: nan
TORCHFORT::WANDB: model: rlwm, step: 7, critic_loss: -nan
TORCHFORT::WANDB: model: critic_0, step: 9, train_loss: -nan
TORCHFORT::WANDB: model: critic_0, step: 9, train_lr: 0.000999994
TORCHFORT::WANDB: model: actor, step: 9, train_loss: nan
TORCHFORT::WANDB: model: actor, step: 9, train_lr: 0.000999994
TORCHFORT::WANDB: model: rlwm, step: 8, actor_loss: nan
TORCHFORT::WANDB: model: rlwm, step: 8, critic_loss: -nan
TORCHFORT::WANDB: model: critic_0, step: 10, train_loss: -nan
TORCHFORT::WANDB: model: critic_0, step: 10, train_lr: 0.000999992
TORCHFORT::WANDB: model: actor, step: 10, train_loss: nan
TORCHFORT::WANDB: model: actor, step: 10, train_lr: 0.000999992
TORCHFORT::WANDB: model: rlwm, step: 8, actor_loss: nan
TORCHFORT::WANDB: model: rlwm, step: 8, critic_loss: -nan
TORCHFORT::WANDB: model: critic_0, step: 1, train_loss: inf
TORCHFORT::WANDB: model: critic_0, step: 1, train_lr: 0.001
TORCHFORT::WANDB: model: actor, step: 1, train_loss: nan
TORCHFORT::WANDB: model: actor, step: 1, train_lr: 0.001
TORCHFORT::WANDB: model: rlwm, step: 4, actor_loss: nan
TORCHFORT::WANDB: model: rlwm, step: 4, critic_loss: inf
TORCHFORT::WANDB: model: critic_0, step: 2, train_loss: -nan
TORCHFORT::WANDB: model: critic_0, step: 2, train_lr: 0.001
TORCHFORT::WANDB: model: actor, step: 2, train_loss: nan
TORCHFORT::WANDB: model: actor, step: 2, train_lr: 0.001
TORCHFORT::WANDB: model: rlwm, step: 4, actor_loss: nan
TORCHFORT::WANDB: model: rlwm, step: 4, critic_loss: -nan
TORCHFORT::WANDB: model: critic_0, step: 3, train_loss: -nan
TORCHFORT::WANDB: model: critic_0, step: 3, train_lr: 0.001
TORCHFORT::WANDB: model: actor, step: 3, train_loss: nan
TORCHFORT::WANDB: model: actor, step: 3, train_lr: 0.001
TORCHFORT::WANDB: model: rlwm, step: 5, actor_loss: nan
TORCHFORT::WANDB: model: rlwm, step: 5, critic_loss: -nan
TORCHFORT::WANDB: model: critic_0, step: 4, train_loss: -nan
TORCHFORT::WANDB: model: critic_0, step: 4, train_lr: 0.000999999
TORCHFORT::WANDB: model: actor, step: 4, train_loss: nan
TORCHFORT::WANDB: model: actor, step: 4, train_lr: 0.000999999
TORCHFORT::WANDB: model: rlwm, step: 5, actor_loss: nan
TORCHFORT::WANDB: model: rlwm, step: 5, critic_loss: -nan
TORCHFORT::WANDB: model: critic_0, step: 5, train_loss: -nan
TORCHFORT::WANDB: model: critic_0, step: 5, train_lr: 0.000999998
TORCHFORT::WANDB: model: actor, step: 5, train_loss: nan
TORCHFORT::WANDB: model: actor, step: 5, train_lr: 0.000999998
TORCHFORT::WANDB: model: rlwm, step: 6, actor_loss: nan
TORCHFORT::WANDB: model: rlwm, step: 6, critic_loss: -nan
TORCHFORT::WANDB: model: critic_0, step: 6, train_loss: -nan
TORCHFORT::WANDB: model: critic_0, step: 6, train_lr: 0.000999998
TORCHFORT::WANDB: model: actor, step: 6, train_loss: nan
TORCHFORT::WANDB: model: actor, step: 6, train_lr: 0.000999998
TORCHFORT::WANDB: model: rlwm, step: 6, actor_loss: nan
TORCHFORT::WANDB: model: rlwm, step: 6, critic_loss: -nan
TORCHFORT::WANDB: model: critic_0, step: 7, train_loss: -nan
TORCHFORT::WANDB: model: critic_0, step: 7, train_lr: 0.000999996
TORCHFORT::WANDB: model: actor, step: 7, train_loss: nan
TORCHFORT::WANDB: model: actor, step: 7, train_lr: 0.000999996
TORCHFORT::WANDB: model: rlwm, step: 7, actor_loss: nan
TORCHFORT::WANDB: model: rlwm, step: 7, critic_loss: -nan
TORCHFORT::WANDB: model: critic_0, step: 8, train_loss: -nan
TORCHFORT::WANDB: model: critic_0, step: 8, train_lr: 0.000999995
TORCHFORT::WANDB: model: actor, step: 8, train_loss: nan
TORCHFORT::WANDB: model: actor, step: 8, train_lr: 0.000999995
TORCHFORT::WANDB: model: rlwm, step: 7, actor_loss: nan
TORCHFORT::WANDB: model: rlwm, step: 7, critic_loss: -nan
TORCHFORT::WANDB: model: critic_0, step: 1, train_loss: inf
TORCHFORT::WANDB: model: critic_0, step: 1, train_lr: 0.001
TORCHFORT::WANDB: model: actor, step: 1, train_loss: nan
TORCHFORT::WANDB: model: actor, step: 1, train_lr: 0.001
TORCHFORT::WANDB: model: rlwm, step: 4, actor_loss: nan
TORCHFORT::WANDB: model: rlwm, step: 4, critic_loss: inf
TORCHFORT::WANDB: model: critic_0, step: 2, train_loss: -nan
TORCHFORT::WANDB: model: critic_0, step: 2, train_lr: 0.001
TORCHFORT::WANDB: model: actor, step: 2, train_loss: nan
TORCHFORT::WANDB: model: actor, step: 2, train_lr: 0.001
TORCHFORT::WANDB: model: rlwm, step: 4, actor_loss: nan
TORCHFORT::WANDB: model: rlwm, step: 4, critic_loss: -nan
TORCHFORT::WANDB: model: critic_0, step: 1, train_loss: inf
TORCHFORT::WANDB: model: critic_0, step: 1, train_lr: 0.001
TORCHFORT::WANDB: model: actor, step: 1, train_loss: nan
TORCHFORT::WANDB: model: actor, step: 1, train_lr: 0.001
TORCHFORT::WANDB: model: rlwm, step: 4, actor_loss: nan
TORCHFORT::WANDB: model: rlwm, step: 4, critic_loss: inf
TORCHFORT::WANDB: model: critic_0, step: 2, train_loss: -nan
TORCHFORT::WANDB: model: critic_0, step: 2, train_lr: 0.001
TORCHFORT::WANDB: model: actor, step: 2, train_loss: nan
TORCHFORT::WANDB: model: actor, step: 2, train_lr: 0.001
TORCHFORT::WANDB: model: rlwm, step: 4, actor_loss: nan
TORCHFORT::WANDB: model: rlwm, step: 4, critic_loss: -nan
TORCHFORT::WANDB: model: critic_0, step: 3, train_loss: -nan
TORCHFORT::WANDB: model: critic_0, step: 3, train_lr: 0.001
TORCHFORT::WANDB: model: actor, step: 3, train_loss: nan
TORCHFORT::WANDB: model: actor, step: 3, train_lr: 0.001
TORCHFORT::WANDB: model: rlwm, step: 5, actor_loss: nan
TORCHFORT::WANDB: model: rlwm, step: 5, critic_loss: -nan
TORCHFORT::WANDB: model: critic_0, step: 4, train_loss: -nan
TORCHFORT::WANDB: model: critic_0, step: 4, train_lr: 0.000999999
TORCHFORT::WANDB: model: actor, step: 4, train_loss: nan
TORCHFORT::WANDB: model: actor, step: 4, train_lr: 0.000999999
TORCHFORT::WANDB: model: rlwm, step: 5, actor_loss: nan
TORCHFORT::WANDB: model: rlwm, step: 5, critic_loss: -nan
TORCHFORT::WANDB: model: critic_0, step: 5, train_loss: -nan
TORCHFORT::WANDB: model: critic_0, step: 5, train_lr: 0.000999998
TORCHFORT::WANDB: model: actor, step: 5, train_loss: nan
TORCHFORT::WANDB: model: actor, step: 5, train_lr: 0.000999998
TORCHFORT::WANDB: model: rlwm, step: 6, actor_loss: nan
TORCHFORT::WANDB: model: rlwm, step: 6, critic_loss: -nan
TORCHFORT::WANDB: model: critic_0, step: 6, train_loss: -nan
TORCHFORT::WANDB: model: critic_0, step: 6, train_lr: 0.000999998
TORCHFORT::WANDB: model: actor, step: 6, train_loss: nan
TORCHFORT::WANDB: model: actor, step: 6, train_lr: 0.000999998
TORCHFORT::WANDB: model: rlwm, step: 6, actor_loss: nan
TORCHFORT::WANDB: model: rlwm, step: 6, critic_loss: -nan
TORCHFORT::WANDB: model: critic_0, step: 7, train_loss: -nan
TORCHFORT::WANDB: model: critic_0, step: 7, train_lr: 0.000999996
TORCHFORT::WANDB: model: actor, step: 7, train_loss: nan
TORCHFORT::WANDB: model: actor, step: 7, train_lr: 0.000999996
TORCHFORT::WANDB: model: rlwm, step: 7, actor_loss: nan
TORCHFORT::WANDB: model: rlwm, step: 7, critic_loss: -nan
TORCHFORT::WANDB: model: critic_0, step: 8, train_loss: -nan
TORCHFORT::WANDB: model: critic_0, step: 8, train_lr: 0.000999995
TORCHFORT::WANDB: model: actor, step: 8, train_loss: nan
TORCHFORT::WANDB: model: actor, step: 8, train_lr: 0.000999995
TORCHFORT::WANDB: model: rlwm, step: 7, actor_loss: nan
TORCHFORT::WANDB: model: rlwm, step: 7, critic_loss: -nan
TORCHFORT::WANDB: model: critic_0, step: 9, train_loss: -nan
TORCHFORT::WANDB: model: critic_0, step: 9, train_lr: 0.000999994
TORCHFORT::WANDB: model: actor, step: 9, train_loss: nan
TORCHFORT::WANDB: model: actor, step: 9, train_lr: 0.000999994
TORCHFORT::WANDB: model: rlwm, step: 8, actor_loss: nan
TORCHFORT::WANDB: model: rlwm, step: 8, critic_loss: -nan
TORCHFORT::WANDB: model: critic_0, step: 10, train_loss: -nan
TORCHFORT::WANDB: model: critic_0, step: 10, train_lr: 0.000999992
TORCHFORT::WANDB: model: actor, step: 10, train_loss: nan
TORCHFORT::WANDB: model: actor, step: 10, train_lr: 0.000999992
TORCHFORT::WANDB: model: rlwm, step: 8, actor_loss: nan
TORCHFORT::WANDB: model: rlwm, step: 8, critic_loss: -nan
TORCHFORT::WANDB: model: critic_0, step: 1, train_loss: inf
TORCHFORT::WANDB: model: critic_0, step: 1, train_lr: 0.1
TORCHFORT::WANDB: model: actor, step: 1, train_loss: -2.70481e+18
TORCHFORT::WANDB: model: actor, step: 1, train_lr: 0.1
TORCHFORT::WANDB: model: rlwm, step: 4, actor_loss: -2.70481e+18
TORCHFORT::WANDB: model: rlwm, step: 4, critic_loss: inf
TORCHFORT::WANDB: model: critic_0, step: 2, train_loss: -nan
TORCHFORT::WANDB: model: critic_0, step: 2, train_lr: 0.1
TORCHFORT::WANDB: model: actor, step: 2, train_loss: -nan
TORCHFORT::WANDB: model: actor, step: 2, train_lr: 0.1
TORCHFORT::WANDB: model: rlwm, step: 4, actor_loss: -nan
TORCHFORT::WANDB: model: rlwm, step: 4, critic_loss: -nan
TORCHFORT::WANDB: model: critic_0, step: 3, train_loss: nan
TORCHFORT::WANDB: model: critic_0, step: 3, train_lr: 0.1
TORCHFORT::WANDB: model: actor, step: 3, train_loss: nan
TORCHFORT::WANDB: model: actor, step: 3, train_lr: 0.1
TORCHFORT::WANDB: model: rlwm, step: 5, actor_loss: nan
TORCHFORT::WANDB: model: rlwm, step: 5, critic_loss: nan
TORCHFORT::WANDB: model: critic_0, step: 4, train_loss: nan
TORCHFORT::WANDB: model: critic_0, step: 4, train_lr: 0.0999999
TORCHFORT::WANDB: model: actor, step: 4, train_loss: nan
TORCHFORT::WANDB: model: actor, step: 4, train_lr: 0.0999999
TORCHFORT::WANDB: model: rlwm, step: 5, actor_loss: nan
TORCHFORT::WANDB: model: rlwm, step: 5, critic_loss: nan
TORCHFORT::WANDB: model: critic_0, step: 1, train_loss: inf
TORCHFORT::WANDB: model: critic_0, step: 1, train_lr: 0.001
TORCHFORT::WANDB: model: actor, step: 1, train_loss: nan
TORCHFORT::WANDB: model: actor, step: 1, train_lr: 0.001
TORCHFORT::WANDB: model: rlwm, step: 4, actor_loss: nan
TORCHFORT::WANDB: model: rlwm, step: 4, critic_loss: inf
TORCHFORT::WANDB: model: critic_0, step: 2, train_loss: -nan
TORCHFORT::WANDB: model: critic_0, step: 2, train_lr: 0.001
TORCHFORT::WANDB: model: actor, step: 2, train_loss: nan
TORCHFORT::WANDB: model: actor, step: 2, train_lr: 0.001
TORCHFORT::WANDB: model: rlwm, step: 4, actor_loss: nan
TORCHFORT::WANDB: model: rlwm, step: 4, critic_loss: -nan
TORCHFORT::WANDB: model: critic_0, step: 1, train_loss: 1.33709e-05
TORCHFORT::WANDB: model: critic_0, step: 1, train_lr: 0.001
TORCHFORT::WANDB: model: actor, step: 1, train_loss: 0.144305
TORCHFORT::WANDB: model: actor, step: 1, train_lr: 0.001
TORCHFORT::WANDB: model: rlwm, step: 4, actor_loss: 0.144305
TORCHFORT::WANDB: model: rlwm, step: 4, critic_loss: 1.33709e-05
TORCHFORT::WANDB: model: critic_0, step: 2, train_loss: -nan
TORCHFORT::WANDB: model: critic_0, step: 2, train_lr: 0.001
TORCHFORT::WANDB: model: actor, step: 2, train_loss: -nan
TORCHFORT::WANDB: model: actor, step: 2, train_lr: 0.001
TORCHFORT::WANDB: model: rlwm, step: 4, actor_loss: -nan
TORCHFORT::WANDB: model: rlwm, step: 4, critic_loss: -nan
TORCHFORT::WANDB: model: critic_0, step: 3, train_loss: nan
TORCHFORT::WANDB: model: critic_0, step: 3, train_lr: 0.001
TORCHFORT::WANDB: model: actor, step: 3, train_loss: nan
TORCHFORT::WANDB: model: actor, step: 3, train_lr: 0.001
TORCHFORT::WANDB: model: rlwm, step: 5, actor_loss: nan
TORCHFORT::WANDB: model: rlwm, step: 5, critic_loss: nan
TORCHFORT::WANDB: model: critic_0, step: 4, train_loss: -nan
TORCHFORT::WANDB: model: critic_0, step: 4, train_lr: 0.000999999
TORCHFORT::WANDB: model: actor, step: 4, train_loss: -nan
TORCHFORT::WANDB: model: actor, step: 4, train_lr: 0.000999999
TORCHFORT::WANDB: model: rlwm, step: 5, actor_loss: -nan
TORCHFORT::WANDB: model: rlwm, step: 5, critic_loss: -nan
TORCHFORT::WANDB: model: critic_0, step: 5, train_loss: -nan
TORCHFORT::WANDB: model: critic_0, step: 5, train_lr: 0.000999998
TORCHFORT::WANDB: model: actor, step: 5, train_loss: -nan
TORCHFORT::WANDB: model: actor, step: 5, train_lr: 0.000999998
TORCHFORT::WANDB: model: rlwm, step: 6, actor_loss: -nan
TORCHFORT::WANDB: model: rlwm, step: 6, critic_loss: -nan
TORCHFORT::WANDB: model: critic_0, step: 6, train_loss: -nan
TORCHFORT::WANDB: model: critic_0, step: 6, train_lr: 0.000999998
TORCHFORT::WANDB: model: actor, step: 6, train_loss: -nan
TORCHFORT::WANDB: model: actor, step: 6, train_lr: 0.000999998
TORCHFORT::WANDB: model: rlwm, step: 6, actor_loss: -nan
TORCHFORT::WANDB: model: rlwm, step: 6, critic_loss: -nan
TORCHFORT::WANDB: model: critic_0, step: 1, train_loss: inf
TORCHFORT::WANDB: model: critic_0, step: 1, train_lr: 0.001
TORCHFORT::WANDB: model: actor, step: 1, train_loss: nan
TORCHFORT::WANDB: model: actor, step: 1, train_lr: 0.001
TORCHFORT::WANDB: model: rlwm, step: 4, actor_loss: nan
TORCHFORT::WANDB: model: rlwm, step: 4, critic_loss: inf
TORCHFORT::WANDB: model: critic_0, step: 2, train_loss: -nan
TORCHFORT::WANDB: model: critic_0, step: 2, train_lr: 0.001
TORCHFORT::WANDB: model: actor, step: 2, train_loss: nan
TORCHFORT::WANDB: model: actor, step: 2, train_lr: 0.001
TORCHFORT::WANDB: model: rlwm, step: 4, actor_loss: nan
TORCHFORT::WANDB: model: rlwm, step: 4, critic_loss: -nan
TORCHFORT::WANDB: model: critic_0, step: 1, train_loss: inf
TORCHFORT::WANDB: model: critic_0, step: 1, train_lr: 0.001
TORCHFORT::WANDB: model: actor, step: 1, train_loss: nan
TORCHFORT::WANDB: model: actor, step: 1, train_lr: 0.001
TORCHFORT::WANDB: model: rlwm, step: 4, actor_loss: nan
TORCHFORT::WANDB: model: rlwm, step: 4, critic_loss: inf
TORCHFORT::WANDB: model: critic_0, step: 2, train_loss: -nan
TORCHFORT::WANDB: model: critic_0, step: 2, train_lr: 0.001
TORCHFORT::WANDB: model: actor, step: 2, train_loss: nan
TORCHFORT::WANDB: model: actor, step: 2, train_lr: 0.001
TORCHFORT::WANDB: model: rlwm, step: 4, actor_loss: nan
TORCHFORT::WANDB: model: rlwm, step: 4, critic_loss: -nan
TORCHFORT::WANDB: model: critic_0, step: 1, train_loss: inf
TORCHFORT::WANDB: model: critic_0, step: 1, train_lr: 0.001
TORCHFORT::WANDB: model: actor, step: 1, train_loss: nan
TORCHFORT::WANDB: model: actor, step: 1, train_lr: 0.001
TORCHFORT::WANDB: model: rlwm, step: 4, actor_loss: nan
TORCHFORT::WANDB: model: rlwm, step: 4, critic_loss: inf
TORCHFORT::WANDB: model: critic_0, step: 2, train_loss: -nan
TORCHFORT::WANDB: model: critic_0, step: 2, train_lr: 0.001
TORCHFORT::WANDB: model: actor, step: 2, train_loss: nan
TORCHFORT::WANDB: model: actor, step: 2, train_lr: 0.001
TORCHFORT::WANDB: model: rlwm, step: 4, actor_loss: nan
TORCHFORT::WANDB: model: rlwm, step: 4, critic_loss: -nan
TORCHFORT::WANDB: model: critic_0, step: 1, train_loss: 0.275092
TORCHFORT::WANDB: model: critic_0, step: 1, train_lr: 0.001
TORCHFORT::WANDB: model: actor, step: 1, train_loss: -0.180593
TORCHFORT::WANDB: model: actor, step: 1, train_lr: 0.001
TORCHFORT::WANDB: model: rlwm, step: 4, actor_loss: -0.180593
TORCHFORT::WANDB: model: rlwm, step: 4, critic_loss: 0.275092
TORCHFORT::WANDB: model: critic_0, step: 2, train_loss: 0.158684
TORCHFORT::WANDB: model: critic_0, step: 2, train_lr: 0.001
TORCHFORT::WANDB: model: actor, step: 2, train_loss: -0.351015
TORCHFORT::WANDB: model: actor, step: 2, train_lr: 0.001
TORCHFORT::WANDB: model: rlwm, step: 4, actor_loss: -0.351015
TORCHFORT::WANDB: model: rlwm, step: 4, critic_loss: 0.158684
TORCHFORT::WANDB: model: critic_0, step: 3, train_loss: 0.141279
TORCHFORT::WANDB: model: critic_0, step: 3, train_lr: 0.001
TORCHFORT::WANDB: model: actor, step: 3, train_loss: -0.425022
TORCHFORT::WANDB: model: actor, step: 3, train_lr: 0.001
TORCHFORT::WANDB: model: rlwm, step: 5, actor_loss: -0.425022
TORCHFORT::WANDB: model: rlwm, step: 5, critic_loss: 0.141279
TORCHFORT::WANDB: model: critic_0, step: 4, train_loss: 0.122954
TORCHFORT::WANDB: model: critic_0, step: 4, train_lr: 0.000999999
TORCHFORT::WANDB: model: actor, step: 4, train_loss: -0.499475
TORCHFORT::WANDB: model: actor, step: 4, train_lr: 0.000999999
TORCHFORT::WANDB: model: rlwm, step: 5, actor_loss: -0.499475
TORCHFORT::WANDB: model: rlwm, step: 5, critic_loss: 0.122954
TORCHFORT::WANDB: model: critic_0, step: 5, train_loss: 0.111658
TORCHFORT::WANDB: model: critic_0, step: 5, train_lr: 0.000999998
TORCHFORT::WANDB: model: actor, step: 5, train_loss: -0.559344
TORCHFORT::WANDB: model: actor, step: 5, train_lr: 0.000999998
TORCHFORT::WANDB: model: rlwm, step: 6, actor_loss: -0.559344
TORCHFORT::WANDB: model: rlwm, step: 6, critic_loss: 0.111658
TORCHFORT::WANDB: model: critic_0, step: 6, train_loss: 0.326275
TORCHFORT::WANDB: model: critic_0, step: 6, train_lr: 0.000999998
TORCHFORT::WANDB: model: actor, step: 6, train_loss: -0.750334
TORCHFORT::WANDB: model: actor, step: 6, train_lr: 0.000999998
TORCHFORT::WANDB: model: rlwm, step: 6, actor_loss: -0.750334
TORCHFORT::WANDB: model: rlwm, step: 6, critic_loss: 0.326275
TORCHFORT::WANDB: model: critic_0, step: 7, train_loss: 0.38324
TORCHFORT::WANDB: model: critic_0, step: 7, train_lr: 0.000999996
TORCHFORT::WANDB: model: actor, step: 7, train_loss: -0.793316
TORCHFORT::WANDB: model: actor, step: 7, train_lr: 0.000999996
TORCHFORT::WANDB: model: rlwm, step: 7, actor_loss: -0.793316
TORCHFORT::WANDB: model: rlwm, step: 7, critic_loss: 0.38324
TORCHFORT::WANDB: model: critic_0, step: 8, train_loss: 0.288133
TORCHFORT::WANDB: model: critic_0, step: 8, train_lr: 0.000999995
TORCHFORT::WANDB: model: actor, step: 8, train_loss: -0.746067
TORCHFORT::WANDB: model: actor, step: 8, train_lr: 0.000999995
TORCHFORT::WANDB: model: rlwm, step: 7, actor_loss: -0.746067
TORCHFORT::WANDB: model: rlwm, step: 7, critic_loss: 0.288133
TORCHFORT::WANDB: model: critic_0, step: 1, train_loss: 0.343058
TORCHFORT::WANDB: model: critic_0, step: 1, train_lr: 0.001
TORCHFORT::WANDB: model: actor, step: 1, train_loss: -0.10085
TORCHFORT::WANDB: model: actor, step: 1, train_lr: 0.001
TORCHFORT::WANDB: model: rlwm, step: 4, actor_loss: -0.10085
TORCHFORT::WANDB: model: rlwm, step: 4, critic_loss: 0.343058
TORCHFORT::WANDB: model: critic_0, step: 2, train_loss: 0.217088
TORCHFORT::WANDB: model: critic_0, step: 2, train_lr: 0.001
TORCHFORT::WANDB: model: actor, step: 2, train_loss: -0.355694
TORCHFORT::WANDB: model: actor, step: 2, train_lr: 0.001
TORCHFORT::WANDB: model: rlwm, step: 4, actor_loss: -0.355694
TORCHFORT::WANDB: model: rlwm, step: 4, critic_loss: 0.217088
TORCHFORT::WANDB: model: critic_0, step: 3, train_loss: 0.145683
TORCHFORT::WANDB: model: critic_0, step: 3, train_lr: 0.001
TORCHFORT::WANDB: model: actor, step: 3, train_loss: -0.358367
TORCHFORT::WANDB: model: actor, step: 3, train_lr: 0.001
TORCHFORT::WANDB: model: rlwm, step: 5, actor_loss: -0.358367
TORCHFORT::WANDB: model: rlwm, step: 5, critic_loss: 0.145683
TORCHFORT::WANDB: model: critic_0, step: 4, train_loss: 0.10742
TORCHFORT::WANDB: model: critic_0, step: 4, train_lr: 0.000999999
TORCHFORT::WANDB: model: actor, step: 4, train_loss: -0.378944
TORCHFORT::WANDB: model: actor, step: 4, train_lr: 0.000999999
TORCHFORT::WANDB: model: rlwm, step: 5, actor_loss: -0.378944
TORCHFORT::WANDB: model: rlwm, step: 5, critic_loss: 0.10742
TORCHFORT::WANDB: model: critic_0, step: 1, train_loss: 0.00874973
TORCHFORT::WANDB: model: critic_0, step: 1, train_lr: 0.001
TORCHFORT::WANDB: model: actor, step: 1, train_loss: 0.0116269
TORCHFORT::WANDB: model: actor, step: 1, train_lr: 0.001
TORCHFORT::WANDB: model: rlwm, step: 4, actor_loss: 0.0116269
TORCHFORT::WANDB: model: rlwm, step: 4, critic_loss: 0.00874973
TORCHFORT::WANDB: model: critic_0, step: 2, train_loss: 0.0147591
TORCHFORT::WANDB: model: critic_0, step: 2, train_lr: 0.001
TORCHFORT::WANDB: model: actor, step: 2, train_loss: -0.0433935
TORCHFORT::WANDB: model: actor, step: 2, train_lr: 0.001
TORCHFORT::WANDB: model: rlwm, step: 4, actor_loss: -0.0433935
TORCHFORT::WANDB: model: rlwm, step: 4, critic_loss: 0.0147591
TORCHFORT::WANDB: model: critic_0, step: 3, train_loss: 0.0326104
TORCHFORT::WANDB: model: critic_0, step: 3, train_lr: 0.001
TORCHFORT::WANDB: model: actor, step: 3, train_loss: 0.00692387
TORCHFORT::WANDB: model: actor, step: 3, train_lr: 0.001
TORCHFORT::WANDB: model: rlwm, step: 5, actor_loss: 0.00692387
TORCHFORT::WANDB: model: rlwm, step: 5, critic_loss: 0.0326104
TORCHFORT::WANDB: model: critic_0, step: 4, train_loss: 0.00707742
TORCHFORT::WANDB: model: critic_0, step: 4, train_lr: 0.000999999
TORCHFORT::WANDB: model: actor, step: 4, train_loss: -0.0244965
TORCHFORT::WANDB: model: actor, step: 4, train_lr: 0.000999999
TORCHFORT::WANDB: model: rlwm, step: 5, actor_loss: -0.0244965
TORCHFORT::WANDB: model: rlwm, step: 5, critic_loss: 0.00707742
